流水號,授課對象,課號,班次,課程名稱,簡介影片,學分,課程識別碼,全/半年,授課教師,加選方式,時間教室,總人數,選課限制條件,備註,課程網頁,本學期我預計要選的課程,classroom,time_0_0,time_0_1,time_0_2,time_0_3,time_0_4,time_0_5,time_0_6,time_0_7,time_0_8,time_0_9,time_0_10,time_0_11,time_0_12,time_0_13,time_0_14,time_1_0,time_1_1,time_1_2,time_1_3,time_1_4,time_1_5,time_1_6,time_1_7,time_1_8,time_1_9,time_1_10,time_1_11,time_1_12,time_1_13,time_1_14,time_2_0,time_2_1,time_2_2,time_2_3,time_2_4,time_2_5,time_2_6,time_2_7,time_2_8,time_2_9,time_2_10,time_2_11,time_2_12,time_2_13,time_2_14,time_3_0,time_3_1,time_3_2,time_3_3,time_3_4,time_3_5,time_3_6,time_3_7,time_3_8,time_3_9,time_3_10,time_3_11,time_3_12,time_3_13,time_3_14,time_4_0,time_4_1,time_4_2,time_4_3,time_4_4,time_4_5,time_4_6,time_4_7,time_4_8,time_4_9,time_4_10,time_4_11,time_4_12,time_4_13,time_4_14,time_5_0,time_5_1,time_5_2,time_5_3,time_5_4,time_5_5,time_5_6,time_5_7,time_5_8,time_5_9,time_5_10,time_5_11,time_5_12,time_5_13,time_5_14,time_6_0,time_6_1,time_6_2,time_6_3,time_6_4,time_6_5,time_6_6,time_6_7,time_6_8,time_6_9,time_6_10,time_6_11,time_6_12,time_6_13,time_6_14,A1,A2,A3,A4,A5,A6,A7,A8
22912, ,Hist4037, , 臺灣近代史,  ,2.0,103 51750,半年,歐素瑛,2,"五8,9(博雅201)",100(含開放臺大系統人數:20),"本校修課人數上限：80人,外系人數限制：80人",為歷史系選修(20人)。開放臺藝大5名加選。兼通識A2*。。A2*:歷史思維領域。可充抵通識,    , ,博雅201,0,0,0,0,0,0,0,0,0,0,0,0,0,0,0,0,0,0,0,0,0,0,0,0,0,0,0,0,0,0,0,0,0,0,0,0,0,0,0,0,0,0,0,0,0,0,0,0,0,0,0,0,0,0,0,0,0,0,0,0,0,0,0,0,0,0,0,0,1,1,0,0,0,0,0,0,0,0,0,0,0,0,0,0,0,0,0,0,0,0,0,0,0,0,0,0,0,0,0,0,0,0,0,0,0,0,1,0,0,0,0,0,0
42567, ,Hist3108, , 現代中國與世界：1842-1911,  ,3.0,103 52230,半年,王遠義,2,"二8,9,10(博雅101)",200,"本校修課人數上限：200人,外系人數限制：160人",為歷史系選修(40人)。兼通識A2*。。A2*:歷史思維領域。可充抵通識,    , ,博雅101,0,0,0,0,0,0,0,0,0,0,0,0,0,0,0,0,0,0,0,0,0,0,0,1,1,1,0,0,0,0,0,0,0,0,0,0,0,0,0,0,0,0,0,0,0,0,0,0,0,0,0,0,0,0,0,0,0,0,0,0,0,0,0,0,0,0,0,0,0,0,0,0,0,0,0,0,0,0,0,0,0,0,0,0,0,0,0,0,0,0,0,0,0,0,0,0,0,0,0,0,0,0,0,0,0,0,1,0,0,0,0,0,0
38955, ,Hist1595, , 戰後臺灣民主運動史,  ,3.0,103 52290,半年,陳翠蓮,2,"二7,8,9(博雅103)",100(含開放臺大系統人數:10),本校修課人數上限：90人,開放國北教2名加選。。A2:歷史思維,    , ,博雅103,0,0,0,0,0,0,0,0,0,0,0,0,0,0,0,0,0,0,0,0,0,0,1,1,1,0,0,0,0,0,0,0,0,0,0,0,0,0,0,0,0,0,0,0,0,0,0,0,0,0,0,0,0,0,0,0,0,0,0,0,0,0,0,0,0,0,0,0,0,0,0,0,0,0,0,0,0,0,0,0,0,0,0,0,0,0,0,0,0,0,0,0,0,0,0,0,0,0,0,0,0,0,0,0,0,0,1,0,0,0,0,0,0
39066, ,Hist1600, , 東亞現代史,  ,3.0,103 52470,半年,羅士傑,2,"三6,7,8(博雅102)",220(含開放臺大系統人數:20),本校修課人數上限：200人,A2:歷史思維,   , ,博雅102,0,0,0,0,0,0,0,0,0,0,0,0,0,0,0,0,0,0,0,0,0,0,0,0,0,0,0,0,0,0,0,0,0,0,0,0,1,1,1,0,0,0,0,0,0,0,0,0,0,0,0,0,0,0,0,0,0,0,0,0,0,0,0,0,0,0,0,0,0,0,0,0,0,0,0,0,0,0,0,0,0,0,0,0,0,0,0,0,0,0,0,0,0,0,0,0,0,0,0,0,0,0,0,0,0,0,1,0,0,0,0,0,0
53501, ,Hist2166, , 香港的歷史與文化,  ,3.0,103 52850,半年,陳俊強,2,"四7,8,9(博雅202)",120(含開放臺大系統人數:10),"本校修課人數上限：110人,外系人數限制：90人",為歷史系選修(30人)。初選選上同學，第一、二週務必出席上課，否則逕予退選。開放國北教2名加選。兼通識A3*。。A3*:世界文明領域。可充抵通識,    , ,博雅202,0,0,0,0,0,0,0,0,0,0,0,0,0,0,0,0,0,0,0,0,0,0,0,0,0,0,0,0,0,0,0,0,0,0,0,0,0,0,0,0,0,0,0,0,0,0,0,0,0,0,0,0,1,1,1,0,0,0,0,0,0,0,0,0,0,0,0,0,0,0,0,0,0,0,0,0,0,0,0,0,0,0,0,0,0,0,0,0,0,0,0,0,0,0,0,0,0,0,0,0,0,0,0,0,0,0,0,1,0,0,0,0,0
32202, ,Hist1604, , 歷史上東亞的帝國及其敵人,  ,2.0,103 52860,半年,甘懷真,2,"二8,9(博雅201)",100,本校修課人數上限：100人,初選已選上的同學，第一週請務必出席上課，否則逕予退選。。A2:歷史思維,    , ,博雅201,0,0,0,0,0,0,0,0,0,0,0,0,0,0,0,0,0,0,0,0,0,0,0,1,1,0,0,0,0,0,0,0,0,0,0,0,0,0,0,0,0,0,0,0,0,0,0,0,0,0,0,0,0,0,0,0,0,0,0,0,0,0,0,0,0,0,0,0,0,0,0,0,0,0,0,0,0,0,0,0,0,0,0,0,0,0,0,0,0,0,0,0,0,0,0,0,0,0,0,0,0,0,0,0,0,0,1,0,0,0,0,0,0
33433, ,Hist1606, , 古希臘文與古典學導論一,  ,3.0,103E52950,半年,張瑞林,2,"二2,3,4(博雅302)",50(含開放臺大系統人數:4),"本校修課人數上限：46人,外系人數限制：45人",本課程以英語授課。歷史系選修(5人)。兼通識A3*。。A3*:世界文明領域。可充抵通識本課程英文化程度說明,    , ,博雅302,0,0,0,0,0,0,0,0,0,0,0,0,0,0,0,0,0,1,1,1,0,0,0,0,0,0,0,0,0,0,0,0,0,0,0,0,0,0,0,0,0,0,0,0,0,0,0,0,0,0,0,0,0,0,0,0,0,0,0,0,0,0,0,0,0,0,0,0,0,0,0,0,0,0,0,0,0,0,0,0,0,0,0,0,0,0,0,0,0,0,0,0,0,0,0,0,0,0,0,0,0,0,0,0,0,0,0,1,0,0,0,0,0
33774, ,Hist1614, , 人文學的過去與未來,  ,2.0,103 53100,半年,傅揚,2,"一6,7(博雅202)",80,本校修課人數上限：80人,A25:歷史思維、公民意識與社會分析,   , ,博雅202,0,0,0,0,0,0,1,1,0,0,0,0,0,0,0,0,0,0,0,0,0,0,0,0,0,0,0,0,0,0,0,0,0,0,0,0,0,0,0,0,0,0,0,0,0,0,0,0,0,0,0,0,0,0,0,0,0,0,0,0,0,0,0,0,0,0,0,0,0,0,0,0,0,0,0,0,0,0,0,0,0,0,0,0,0,0,0,0,0,0,0,0,0,0,0,0,0,0,0,0,0,0,0,0,0,0,1,0,0,1,0,0,0
64038, ,Phl1907, , 生命的學問,  ,3.0,104 07100,半年,孫效智,2,"五7,8,9(博雅406)",30,本校修課人數上限：30人,兼通識A4*。。A4*:哲學與道德思考領域。可充抵通識,    , ,博雅406,0,0,0,0,0,0,0,0,0,0,0,0,0,0,0,0,0,0,0,0,0,0,0,0,0,0,0,0,0,0,0,0,0,0,0,0,0,0,0,0,0,0,0,0,0,0,0,0,0,0,0,0,0,0,0,0,0,0,0,0,0,0,0,0,0,0,0,1,1,1,0,0,0,0,0,0,0,0,0,0,0,0,0,0,0,0,0,0,0,0,0,0,0,0,0,0,0,0,0,0,0,0,0,0,0,0,0,0,1,0,0,0,0
34139, ,Phl1908, , 愛的哲學思考,  ,2.0,104 07200,半年,鄭義愷,3,"二7,8(博雅302)",80,本校修課人數上限：80人,"本課程中文授課,使用英文教科書。兼通識A34*。。A34*:世界文明、哲學與道德思考領域。可充抵通識",    , ,博雅302,0,0,0,0,0,0,0,0,0,0,0,0,0,0,0,0,0,0,0,0,0,0,1,1,0,0,0,0,0,0,0,0,0,0,0,0,0,0,0,0,0,0,0,0,0,0,0,0,0,0,0,0,0,0,0,0,0,0,0,0,0,0,0,0,0,0,0,0,0,0,0,0,0,0,0,0,0,0,0,0,0,0,0,0,0,0,0,0,0,0,0,0,0,0,0,0,0,0,0,0,0,0,0,0,0,0,0,1,1,0,0,0,0
56866, ,Phl1909, , 德行倫理學：德行與幸福,  ,3.0,104 07300,半年,林火旺,3,"二7,8,9(新103)",86(含開放臺大系統人數:6),本校修課人數上限：80人,"本課程中文授課,使用英文教科書。兼通識A4*。。A4*:哲學與道德思考領域。可充抵通識",    , ,新103,0,0,0,0,0,0,0,0,0,0,0,0,0,0,0,0,0,0,0,0,0,0,1,1,1,0,0,0,0,0,0,0,0,0,0,0,0,0,0,0,0,0,0,0,0,0,0,0,0,0,0,0,0,0,0,0,0,0,0,0,0,0,0,0,0,0,0,0,0,0,0,0,0,0,0,0,0,0,0,0,0,0,0,0,0,0,0,0,0,0,0,0,0,0,0,0,0,0,0,0,0,0,0,0,0,0,0,0,1,0,0,0,0
55184, ,Phl1413, , 中國哲學導論,  ,3.0,104 08700,半年,陳志強,3,"二6,7,8(水源階梯201)",80(含開放臺大系統人數:4),本校修課人數上限：76人,A4:哲學與道德思考,   , ,水源階梯201,0,0,0,0,0,0,0,0,0,0,0,0,0,0,0,0,0,0,0,0,0,1,1,1,0,0,0,0,0,0,0,0,0,0,0,0,0,0,0,0,0,0,0,0,0,0,0,0,0,0,0,0,0,0,0,0,0,0,0,0,0,0,0,0,0,0,0,0,0,0,0,0,0,0,0,0,0,0,0,0,0,0,0,0,0,0,0,0,0,0,0,0,0,0,0,0,0,0,0,0,0,0,0,0,0,0,0,0,1,0,0,0,0
45098, ,Phl1905, , 正義的理論與實踐,  ,3.0,104E09800,半年,苑舉正,2,"三2,3,4(普405)",60(含開放臺大系統人數:4),本校修課人數上限：56人,本課程以英語授課。兼通識A34*。。A34*:世界文明、哲學與道德思考領域。可充抵通識本課程英文化程度說明,    , ,普405,0,0,0,0,0,0,0,0,0,0,0,0,0,0,0,0,0,0,0,0,0,0,0,0,0,0,0,0,0,0,0,0,1,1,1,0,0,0,0,0,0,0,0,0,0,0,0,0,0,0,0,0,0,0,0,0,0,0,0,0,0,0,0,0,0,0,0,0,0,0,0,0,0,0,0,0,0,0,0,0,0,0,0,0,0,0,0,0,0,0,0,0,0,0,0,0,0,0,0,0,0,0,0,0,0,0,0,1,1,0,0,0,0
71540, ,Phl1511,01, 邏輯,  ,2.0,104 12100,半年,曾漢塘,3,"五3,4(新204)",100(含開放臺大系統人數:6),本校修課人數上限：94人,A4:哲學與道德思考,    , ,新204,0,0,0,0,0,0,0,0,0,0,0,0,0,0,0,0,0,0,0,0,0,0,0,0,0,0,0,0,0,0,0,0,0,0,0,0,0,0,0,0,0,0,0,0,0,0,0,0,0,0,0,0,0,0,0,0,0,0,0,0,0,0,0,1,1,0,0,0,0,0,0,0,0,0,0,0,0,0,0,0,0,0,0,0,0,0,0,0,0,0,0,0,0,0,0,0,0,0,0,0,0,0,0,0,0,0,0,0,1,0,0,0,0
26732, ,Phl1511,02, 邏輯,  ,2.0,104 12100,半年,曾漢塘,3,"五6,7(博雅302)",100(含開放臺大系統人數:6),本校修課人數上限：94人,A4:哲學與道德思考,    , ,博雅302,0,0,0,0,0,0,0,0,0,0,0,0,0,0,0,0,0,0,0,0,0,0,0,0,0,0,0,0,0,0,0,0,0,0,0,0,0,0,0,0,0,0,0,0,0,0,0,0,0,0,0,0,0,0,0,0,0,0,0,0,0,0,0,0,0,0,1,1,0,0,0,0,0,0,0,0,0,0,0,0,0,0,0,0,0,0,0,0,0,0,0,0,0,0,0,0,0,0,0,0,0,0,0,0,0,0,0,0,1,0,0,0,0
27304, ,Phl3803, , 懷疑論,  ,3.0,104 26700,半年,苑舉正,2,"二2,3,4(普503)",80(含開放臺大系統人數:4),本校修課人數上限：76人,"本課程中文授課,使用英文教科書。兼通識A4*。。A4*:哲學與道德思考領域。可充抵通識",    , ,普503,0,0,0,0,0,0,0,0,0,0,0,0,0,0,0,0,0,1,1,1,0,0,0,0,0,0,0,0,0,0,0,0,0,0,0,0,0,0,0,0,0,0,0,0,0,0,0,0,0,0,0,0,0,0,0,0,0,0,0,0,0,0,0,0,0,0,0,0,0,0,0,0,0,0,0,0,0,0,0,0,0,0,0,0,0,0,0,0,0,0,0,0,0,0,0,0,0,0,0,0,0,0,0,0,0,0,0,0,1,0,0,0,0
73087, ,Phl4403, , 哲學跨域理論與實作,  ,3.0,104 50900,半年,李賢中,3,"四7,8,9(共205)",60,本校修課人數上限：60人,兼通識A4*。。A4*:哲學與道德思考領域。可充抵通識與林明照、吳澤玫合授,    , ,共205,0,0,0,0,0,0,0,0,0,0,0,0,0,0,0,0,0,0,0,0,0,0,0,0,0,0,0,0,0,0,0,0,0,0,0,0,0,0,0,0,0,0,0,0,0,0,0,0,0,0,0,0,1,1,1,0,0,0,0,0,0,0,0,0,0,0,0,0,0,0,0,0,0,0,0,0,0,0,0,0,0,0,0,0,0,0,0,0,0,0,0,0,0,0,0,0,0,0,0,0,0,0,0,0,0,0,0,0,1,0,0,0,0
80404, ,Phl4839, , 時空哲學,  ,3.0,104E55600,半年,周先捷,3,"二2,3,4(水源階梯101)",50,本校修課人數上限：50人,本課程以英語授課。。A4:哲學與道德思考本課程英文化程度說明,    , ,水源階梯101,0,0,0,0,0,0,0,0,0,0,0,0,0,0,0,0,0,1,1,1,0,0,0,0,0,0,0,0,0,0,0,0,0,0,0,0,0,0,0,0,0,0,0,0,0,0,0,0,0,0,0,0,0,0,0,0,0,0,0,0,0,0,0,0,0,0,0,0,0,0,0,0,0,0,0,0,0,0,0,0,0,0,0,0,0,0,0,0,0,0,0,0,0,0,0,0,0,0,0,0,0,0,0,0,0,0,0,0,1,0,0,0,0
58970, ,Phl3813, , 哲學與精神分析,  ,3.0,104 55700,半年,羅名珍,2,"三6,7,8(普406)",40(含開放臺大系統人數:6),本校修課人數上限：34人,"本課程中文授課,使用英文教科書。。A4:哲學與道德思考",    , ,普406,0,0,0,0,0,0,0,0,0,0,0,0,0,0,0,0,0,0,0,0,0,0,0,0,0,0,0,0,0,0,0,0,0,0,0,0,1,1,1,0,0,0,0,0,0,0,0,0,0,0,0,0,0,0,0,0,0,0,0,0,0,0,0,0,0,0,0,0,0,0,0,0,0,0,0,0,0,0,0,0,0,0,0,0,0,0,0,0,0,0,0,0,0,0,0,0,0,0,0,0,0,0,0,0,0,0,0,0,1,0,0,0,0
82843, ,Phl3815, , 西洋宗教哲學,  ,3.0,104 55900,半年,陳樂知,3,"四A,B,C(普202)",50,本校修課人數上限：50人,"本課程中文授課,使用英文教科書。兼通識A4*。。A4*:哲學與道德思考領域。可充抵通識",    , ,普202,0,0,0,0,0,0,0,0,0,0,0,0,0,0,0,0,0,0,0,0,0,0,0,0,0,0,0,0,0,0,0,0,0,0,0,0,0,0,0,0,0,0,0,0,0,0,0,0,0,0,0,0,0,0,0,0,1,1,1,0,0,0,0,0,0,0,0,0,0,0,0,0,0,0,0,0,0,0,0,0,0,0,0,0,0,0,0,0,0,0,0,0,0,0,0,0,0,0,0,0,0,0,0,0,0,0,0,0,1,0,0,0,0
16962, ,Anth2003, , 文化人類學丙,  ,3.0,105 201C0,半年,林開世,2,"二7,8,9(共105)",90(含開放臺大系統人數:2),本校修課人數上限：88人,A35:世界文明、公民意識與社會分析,    , ,共105,0,0,0,0,0,0,0,0,0,0,0,0,0,0,0,0,0,0,0,0,0,0,1,1,1,0,0,0,0,0,0,0,0,0,0,0,0,0,0,0,0,0,0,0,0,0,0,0,0,0,0,0,0,0,0,0,0,0,0,0,0,0,0,0,0,0,0,0,0,0,0,0,0,0,0,0,0,0,0,0,0,0,0,0,0,0,0,0,0,0,0,0,0,0,0,0,0,0,0,0,0,0,0,0,0,0,0,1,0,1,0,0,0
85681, ,LIS2009, , 程式設計,  ,3.0,106 26650,半年,楊東謀,2,"四2,3,4(圖資資訊室)",30,"本校修課人數上限：30人,外系人數限制：5人",限電資學院以外學生修習。圖資系與文學院學生優先。兼通識A6*。。A6*:量化分析與數學素養領域。可充抵通識,    , ,圖資資訊室,0,0,0,0,0,0,0,0,0,0,0,0,0,0,0,0,0,0,0,0,0,0,0,0,0,0,0,0,0,0,0,0,0,0,0,0,0,0,0,0,0,0,0,0,0,0,0,1,1,1,0,0,0,0,0,0,0,0,0,0,0,0,0,0,0,0,0,0,0,0,0,0,0,0,0,0,0,0,0,0,0,0,0,0,0,0,0,0,0,0,0,0,0,0,0,0,0,0,0,0,0,0,0,0,0,0,0,0,0,0,1,0,0
28325, ,Thea1104, , 戲曲後花園,  ,2.0,109 12100,半年,鍾幸玲,2,"五8,9(博雅202)",80,本校修課人數上限：80人,第一週未到請退選。兼為亞洲藝術及藝術設計學程課程。兼通識A1*。。A1*:文學與藝術領域。可充抵通識,    , ,博雅202,0,0,0,0,0,0,0,0,0,0,0,0,0,0,0,0,0,0,0,0,0,0,0,0,0,0,0,0,0,0,0,0,0,0,0,0,0,0,0,0,0,0,0,0,0,0,0,0,0,0,0,0,0,0,0,0,0,0,0,0,0,0,0,0,0,0,0,0,1,1,0,0,0,0,0,0,0,0,0,0,0,0,0,0,0,0,0,0,0,0,0,0,0,0,0,0,0,0,0,0,0,0,0,0,0,1,0,0,0,0,0,0,0
20020, ,Thea1115, , 視覺識別設計,  ,2.0,109 15100,半年,林柏涵,2,"一8,9(共104)",50,本校修課人數上限：50人,兼為藝術設計學程課程。學程學生優先選課。兼通識A1*。。A1*:文學與藝術領域。可充抵通識,    , ,共104,0,0,0,0,0,0,0,0,1,1,0,0,0,0,0,0,0,0,0,0,0,0,0,0,0,0,0,0,0,0,0,0,0,0,0,0,0,0,0,0,0,0,0,0,0,0,0,0,0,0,0,0,0,0,0,0,0,0,0,0,0,0,0,0,0,0,0,0,0,0,0,0,0,0,0,0,0,0,0,0,0,0,0,0,0,0,0,0,0,0,0,0,0,0,0,0,0,0,0,0,0,0,0,0,0,1,0,0,0,0,0,0,0
60240, ,Hist5403, , 金門近代史,  ,2.0,123 U9440,半年,楊肅献,2,"三3,4(普406)",40,"本校修課人數上限：40人,外系人數限制：20人",歷史系選修(20)兼通識(20)。。A2:歷史思維,    , ,普406,0,0,0,0,0,0,0,0,0,0,0,0,0,0,0,0,0,0,0,0,0,0,0,0,0,0,0,0,0,0,0,0,0,1,1,0,0,0,0,0,0,0,0,0,0,0,0,0,0,0,0,0,0,0,0,0,0,0,0,0,0,0,0,0,0,0,0,0,0,0,0,0,0,0,0,0,0,0,0,0,0,0,0,0,0,0,0,0,0,0,0,0,0,0,0,0,0,0,0,0,0,0,0,0,0,0,1,0,0,0,0,0,0
42251, ,LIS5076, , 資料庫管理系統,  ,3.0,126 U0680,半年,楊東謀,2,"一7,8,9(圖資資訊室)",30,"本校修課人數上限：30人,外系人數限制：5人",U選課程大學部與研究所學生均可修習。限電資學院以外學生修習。圖資系與文學院學生優先。。A6:量化分析與數學素養,    , ,圖資資訊室,0,0,0,0,0,0,0,1,1,1,0,0,0,0,0,0,0,0,0,0,0,0,0,0,0,0,0,0,0,0,0,0,0,0,0,0,0,0,0,0,0,0,0,0,0,0,0,0,0,0,0,0,0,0,0,0,0,0,0,0,0,0,0,0,0,0,0,0,0,0,0,0,0,0,0,0,0,0,0,0,0,0,0,0,0,0,0,0,0,0,0,0,0,0,0,0,0,0,0,0,0,0,0,0,0,0,0,0,0,0,1,0,0
28736, ,LIS5079, , 資訊視覺化,  ,3.0,126EU1440,半年,蔡天怡,2,"二2,3,4(圖資資訊室)",30,"本校修課人數上限：30人,外系人數限制：5人",本課程以英語授課。U選課程，大學部與研究所學生均可修習。僅開放臺師大、臺科大各1名同學加選。兼通識A6*。。A6*:量化分析與數學素養領域。可充抵通識本課程英文化程度說明,    , ,圖資資訊室,0,0,0,0,0,0,0,0,0,0,0,0,0,0,0,0,0,1,1,1,0,0,0,0,0,0,0,0,0,0,0,0,0,0,0,0,0,0,0,0,0,0,0,0,0,0,0,0,0,0,0,0,0,0,0,0,0,0,0,0,0,0,0,0,0,0,0,0,0,0,0,0,0,0,0,0,0,0,0,0,0,0,0,0,0,0,0,0,0,0,0,0,0,0,0,0,0,0,0,0,0,0,0,0,0,0,0,0,0,0,1,0,0
84599, ,ARHY1025, , 台灣美術踏查,  ,3.0,141 12500,半年,邱函妮,2,"二3,4,5(博雅201)",40(含開放臺大系統人數:10),"本校修課人數上限：30人,外系人數限制：20人",「亞洲藝術學程」學生優先選課。。A1:文學與藝術,    , ,博雅201,0,0,0,0,0,0,0,0,0,0,0,0,0,0,0,0,0,0,1,1,1,0,0,0,0,0,0,0,0,0,0,0,0,0,0,0,0,0,0,0,0,0,0,0,0,0,0,0,0,0,0,0,0,0,0,0,0,0,0,0,0,0,0,0,0,0,0,0,0,0,0,0,0,0,0,0,0,0,0,0,0,0,0,0,0,0,0,0,0,0,0,0,0,0,0,0,0,0,0,0,0,0,0,0,0,1,0,0,0,0,0,0,0
51209, ,LING5410, , 臺灣語言與社會,  ,3.0,142 U0840,半年,江文瑜,2,"四7,8,9(共201)",150(含開放臺大系統人數:10),本校修課人數上限：140人,A25:歷史思維、公民意識與社會分析,    , ,共201,0,0,0,0,0,0,0,0,0,0,0,0,0,0,0,0,0,0,0,0,0,0,0,0,0,0,0,0,0,0,0,0,0,0,0,0,0,0,0,0,0,0,0,0,0,0,0,0,0,0,0,0,1,1,1,0,0,0,0,0,0,0,0,0,0,0,0,0,0,0,0,0,0,0,0,0,0,0,0,0,0,0,0,0,0,0,0,0,0,0,0,0,0,0,0,0,0,0,0,0,0,0,0,0,0,0,1,0,0,1,0,0,0
35972, ,Music3007, , 古琴音樂欣賞與實習【一】,  ,2.0,144 30500,半年,李孔元,2,"二6,7(樂學館106)",16(含開放臺大系統人數:4),本校修課人數上限：12人,初選不開放。初選不開放。請開學第一次上課時提交個人簡歷、學習古琴的動機、審查通過後以授權碼加選。。A1:文學與藝術,    , ,樂學館106,0,0,0,0,0,0,0,0,0,0,0,0,0,0,0,0,0,0,0,0,0,1,1,0,0,0,0,0,0,0,0,0,0,0,0,0,0,0,0,0,0,0,0,0,0,0,0,0,0,0,0,0,0,0,0,0,0,0,0,0,0,0,0,0,0,0,0,0,0,0,0,0,0,0,0,0,0,0,0,0,0,0,0,0,0,0,0,0,0,0,0,0,0,0,0,0,0,0,0,0,0,0,0,0,0,1,0,0,0,0,0,0,0
13757, ,Music3019, , 音景：世界音樂與臺北,  ,3.0,144E31900,半年,陳人彥,2,"四7,8,9(樂學館106)",15(含開放臺大系統人數:10),本校修課人數上限：5人,初選不開放。本課程以英語授課。有興趣修課的同學請與授課教師連絡。上課方式為小組討論為主。。A1:文學與藝術本課程英文化程度說明,    , ,樂學館106,0,0,0,0,0,0,0,0,0,0,0,0,0,0,0,0,0,0,0,0,0,0,0,0,0,0,0,0,0,0,0,0,0,0,0,0,0,0,0,0,0,0,0,0,0,0,0,0,0,0,0,0,1,1,1,0,0,0,0,0,0,0,0,0,0,0,0,0,0,0,0,0,0,0,0,0,0,0,0,0,0,0,0,0,0,0,0,0,0,0,0,0,0,0,0,0,0,0,0,0,0,0,0,0,0,1,0,0,0,0,0,0,0
80086, ,Music5065, , 音樂、演化與大腦,  ,3.0,144 U0930,半年,蔡振家,2,"一2,3,4(新103)",80(含開放臺大系統人數:2),本校修課人數上限：78人,初選名額80，其餘依規定寫加簽報告再予授權碼。。A18:文學與藝術、生命科學,  , ,新103,0,0,1,1,1,0,0,0,0,0,0,0,0,0,0,0,0,0,0,0,0,0,0,0,0,0,0,0,0,0,0,0,0,0,0,0,0,0,0,0,0,0,0,0,0,0,0,0,0,0,0,0,0,0,0,0,0,0,0,0,0,0,0,0,0,0,0,0,0,0,0,0,0,0,0,0,0,0,0,0,0,0,0,0,0,0,0,0,0,0,0,0,0,0,0,0,0,0,0,0,0,0,0,0,0,1,0,0,0,0,0,0,1
71287, ,TwLit1032, , 性別、歷史與臺灣小說,  ,3.0,145 10280,半年,張俐璇,3,"四6,7,8(綜603)",40(含開放臺大系統人數:2),本校修課人數上限：38人,A1:文學與藝術,    , ,綜603,0,0,0,0,0,0,0,0,0,0,0,0,0,0,0,0,0,0,0,0,0,0,0,0,0,0,0,0,0,0,0,0,0,0,0,0,0,0,0,0,0,0,0,0,0,0,0,0,0,0,0,1,1,1,0,0,0,0,0,0,0,0,0,0,0,0,0,0,0,0,0,0,0,0,0,0,0,0,0,0,0,0,0,0,0,0,0,0,0,0,0,0,0,0,0,0,0,0,0,0,0,0,0,0,0,1,0,0,0,0,0,0,0
14022, ,TwLit1038, , 臺灣現代小說選讀,  ,3.0,145 10480,半年,楊雅儒,2,"二6,7,8(綜203)",40,本校修課人數上限：40人,A12:文學與藝術、歷史思維,   , ,綜203,0,0,0,0,0,0,0,0,0,0,0,0,0,0,0,0,0,0,0,0,0,1,1,1,0,0,0,0,0,0,0,0,0,0,0,0,0,0,0,0,0,0,0,0,0,0,0,0,0,0,0,0,0,0,0,0,0,0,0,0,0,0,0,0,0,0,0,0,0,0,0,0,0,0,0,0,0,0,0,0,0,0,0,0,0,0,0,0,0,0,0,0,0,0,0,0,0,0,0,0,0,0,0,0,0,1,1,0,0,0,0,0,0
37763, ,TwLit5013, , 東亞近代文學選讀,  ,3.0,145 U0190,半年,張文薰,2,"五6,7,8(新404)",50,本校修課人數上限：50人,A1:文學與藝術,    , ,新404,0,0,0,0,0,0,0,0,0,0,0,0,0,0,0,0,0,0,0,0,0,0,0,0,0,0,0,0,0,0,0,0,0,0,0,0,0,0,0,0,0,0,0,0,0,0,0,0,0,0,0,0,0,0,0,0,0,0,0,0,0,0,0,0,0,0,1,1,1,0,0,0,0,0,0,0,0,0,0,0,0,0,0,0,0,0,0,0,0,0,0,0,0,0,0,0,0,0,0,0,0,0,0,0,0,1,0,0,0,0,0,0,0
67393, ,PTCSL7930, , 華語劇場與文化批評,  ,3.0,146 U9340,半年,汪俊彥,2,"三7,8,9(文16)",45(含開放臺大系統人數:12),本校修課人數上限：33人,A1:文學與藝術,    , ,文16,0,0,0,0,0,0,0,0,0,0,0,0,0,0,0,0,0,0,0,0,0,0,0,0,0,0,0,0,0,0,0,0,0,0,0,0,0,1,1,1,0,0,0,0,0,0,0,0,0,0,0,0,0,0,0,0,0,0,0,0,0,0,0,0,0,0,0,0,0,0,0,0,0,0,0,0,0,0,0,0,0,0,0,0,0,0,0,0,0,0,0,0,0,0,0,0,0,0,0,0,0,0,0,0,0,1,0,0,0,0,0,0,0
51622, ,Phys1036, , 粒子物理的世界,  ,2.0,202 11400,半年,熊怡,2,"三7,8(博雅103)",100(含開放臺大系統人數:4),本校修課人數上限：96人,A7:物質科學,    , ,博雅103,0,0,0,0,0,0,0,0,0,0,0,0,0,0,0,0,0,0,0,0,0,0,0,0,0,0,0,0,0,0,0,0,0,0,0,0,0,1,1,0,0,0,0,0,0,0,0,0,0,0,0,0,0,0,0,0,0,0,0,0,0,0,0,0,0,0,0,0,0,0,0,0,0,0,0,0,0,0,0,0,0,0,0,0,0,0,0,0,0,0,0,0,0,0,0,0,0,0,0,0,0,0,0,0,0,0,0,0,0,0,0,1,0
54547, ,Psy1007,01, 普通心理學,  ,3.0,207 10100,半年,梁庚辰,2,"二3,4(博雅103)四3,4(新102)",250(含開放臺大系統人數:20),本校修課人數上限：230人,必修不可抵通識A58*。修習本課程者可自行決定是否同時選修「普心討論課」。理學院與神認學程學生優先。。A58*:公民意識與社會分析、生命科學領域。可充抵通識,    , ,新102,0,0,0,0,0,0,0,0,0,0,0,0,0,0,0,0,0,0,1,1,0,0,0,0,0,0,0,0,0,0,0,0,0,0,0,0,0,0,0,0,0,0,0,0,0,0,0,0,1,1,0,0,0,0,0,0,0,0,0,0,0,0,0,0,0,0,0,0,0,0,0,0,0,0,0,0,0,0,0,0,0,0,0,0,0,0,0,0,0,0,0,0,0,0,0,0,0,0,0,0,0,0,0,0,0,0,0,0,0,1,0,0,1
40922, ,Psy1007,02, 普通心理學,  ,3.0,207 10100,半年,黃從仁,2,"一2,3,4(綜合大講堂)",500,本校修課人數上限：500人,兼通識A58*。。A58*:公民意識與社會分析、生命科學領域。可充抵通識,    , ,綜合大講堂,0,0,1,1,1,0,0,0,0,0,0,0,0,0,0,0,0,0,0,0,0,0,0,0,0,0,0,0,0,0,0,0,0,0,0,0,0,0,0,0,0,0,0,0,0,0,0,0,0,0,0,0,0,0,0,0,0,0,0,0,0,0,0,0,0,0,0,0,0,0,0,0,0,0,0,0,0,0,0,0,0,0,0,0,0,0,0,0,0,0,0,0,0,0,0,0,0,0,0,0,0,0,0,0,0,0,0,0,0,1,0,0,1
72068, ,Psy1007,03, 普通心理學,  ,3.0,207 10100,半年,謝伯讓,2,"四7,8,9(博雅101)",380,本校修課人數上限：380人,加簽請至https://reurl.cc/W3Gpo7登記。兼通識A58*。。A58*:公民意識與社會分析、生命科學領域。可充抵通識,    , ,博雅101,0,0,0,0,0,0,0,0,0,0,0,0,0,0,0,0,0,0,0,0,0,0,0,0,0,0,0,0,0,0,0,0,0,0,0,0,0,0,0,0,0,0,0,0,0,0,0,0,0,0,0,0,1,1,1,0,0,0,0,0,0,0,0,0,0,0,0,0,0,0,0,0,0,0,0,0,0,0,0,0,0,0,0,0,0,0,0,0,0,0,0,0,0,0,0,0,0,0,0,0,0,0,0,0,0,0,0,0,0,1,0,0,1
24619, ,Psy1007,04, 普通心理學,  ,3.0,207 10100,半年,陳品豪,2,"一6,7,8(共101)",200,本校修課人數上限：200人,必修不可抵通識A58*。。A58*:公民意識與社會分析、生命科學領域。可充抵通識,    , ,共101,0,0,0,0,0,0,1,1,1,0,0,0,0,0,0,0,0,0,0,0,0,0,0,0,0,0,0,0,0,0,0,0,0,0,0,0,0,0,0,0,0,0,0,0,0,0,0,0,0,0,0,0,0,0,0,0,0,0,0,0,0,0,0,0,0,0,0,0,0,0,0,0,0,0,0,0,0,0,0,0,0,0,0,0,0,0,0,0,0,0,0,0,0,0,0,0,0,0,0,0,0,0,0,0,0,0,0,0,0,1,0,0,1
59935, ,Psy1007,05, 普通心理學,  ,3.0,207 10100,半年,李怡青,2,"三2,3,4(共101)",150,本校修課人數上限：150人,必修系所不可充抵通識A58*。。A58*:公民意識與社會分析、生命科學領域。可充抵通識,    , ,共101,0,0,0,0,0,0,0,0,0,0,0,0,0,0,0,0,0,0,0,0,0,0,0,0,0,0,0,0,0,0,0,0,1,1,1,0,0,0,0,0,0,0,0,0,0,0,0,0,0,0,0,0,0,0,0,0,0,0,0,0,0,0,0,0,0,0,0,0,0,0,0,0,0,0,0,0,0,0,0,0,0,0,0,0,0,0,0,0,0,0,0,0,0,0,0,0,0,0,0,0,0,0,0,0,0,0,0,0,0,1,0,0,1
46496, ,Psy1007,06, 普通心理學,  ,3.0,207 10100,半年,何文澤,2,"五7,8,9(博雅101)",350,本校修課人數上限：350人,兼通識A58*。。A58*:公民意識與社會分析、生命科學領域。可充抵通識,   , ,博雅101,0,0,0,0,0,0,0,0,0,0,0,0,0,0,0,0,0,0,0,0,0,0,0,0,0,0,0,0,0,0,0,0,0,0,0,0,0,0,0,0,0,0,0,0,0,0,0,0,0,0,0,0,0,0,0,0,0,0,0,0,0,0,0,0,0,0,0,1,1,1,0,0,0,0,0,0,0,0,0,0,0,0,0,0,0,0,0,0,0,0,0,0,0,0,0,0,0,0,0,0,0,0,0,0,0,0,0,0,0,1,0,0,1
51013, ,Psy1007,07, 普通心理學,  ,3.0,207 10100,半年,趙儀珊,2,"三8,9,10(博雅101)",150,本校修課人數上限：150人,兼通識A58*。。A58*:公民意識與社會分析、生命科學領域。可充抵通識,    , ,博雅101,0,0,0,0,0,0,0,0,0,0,0,0,0,0,0,0,0,0,0,0,0,0,0,0,0,0,0,0,0,0,0,0,0,0,0,0,0,0,1,1,1,0,0,0,0,0,0,0,0,0,0,0,0,0,0,0,0,0,0,0,0,0,0,0,0,0,0,0,0,0,0,0,0,0,0,0,0,0,0,0,0,0,0,0,0,0,0,0,0,0,0,0,0,0,0,0,0,0,0,0,0,0,0,0,0,0,0,0,0,1,0,0,1
66184, ,Psy1007,08, 普通心理學,  ,3.0,207 10100,半年,周珮雯,2,"五7,8,9(普101)",150,本校修課人數上限：150人,兼通識A58*。。A58*:公民意識與社會分析、生命科學領域。可充抵通識,    , ,普101,0,0,0,0,0,0,0,0,0,0,0,0,0,0,0,0,0,0,0,0,0,0,0,0,0,0,0,0,0,0,0,0,0,0,0,0,0,0,0,0,0,0,0,0,0,0,0,0,0,0,0,0,0,0,0,0,0,0,0,0,0,0,0,0,0,0,0,1,1,1,0,0,0,0,0,0,0,0,0,0,0,0,0,0,0,0,0,0,0,0,0,0,0,0,0,0,0,0,0,0,0,0,0,0,0,0,0,0,0,1,0,0,1
16442, ,Psy1007,09, 普通心理學,  ,3.0,207 10100,半年,周珮雯,2,"三2,3,4(博雅101)",150,本校修課人數上限：150人,兼通識A58*。。A58*:公民意識與社會分析、生命科學領域。可充抵通識,    , ,博雅101,0,0,0,0,0,0,0,0,0,0,0,0,0,0,0,0,0,0,0,0,0,0,0,0,0,0,0,0,0,0,0,0,1,1,1,0,0,0,0,0,0,0,0,0,0,0,0,0,0,0,0,0,0,0,0,0,0,0,0,0,0,0,0,0,0,0,0,0,0,0,0,0,0,0,0,0,0,0,0,0,0,0,0,0,0,0,0,0,0,0,0,0,0,0,0,0,0,0,0,0,0,0,0,0,0,0,0,0,0,1,0,0,1
50073, ,Psy1007,10, 普通心理學,  ,3.0,207 10100,半年,周珮雯,2,"一7,8,9(新102)",150,本校修課人數上限：150人,兼通識A58*。。A58*:公民意識與社會分析、生命科學領域。可充抵通識,    , ,新102,0,0,0,0,0,0,0,1,1,1,0,0,0,0,0,0,0,0,0,0,0,0,0,0,0,0,0,0,0,0,0,0,0,0,0,0,0,0,0,0,0,0,0,0,0,0,0,0,0,0,0,0,0,0,0,0,0,0,0,0,0,0,0,0,0,0,0,0,0,0,0,0,0,0,0,0,0,0,0,0,0,0,0,0,0,0,0,0,0,0,0,0,0,0,0,0,0,0,0,0,0,0,0,0,0,0,0,0,0,1,0,0,1
50398, ,Psy1012, , 幸福與人生,  ,3.0,207 10140,半年,周珮雯,2,"一2,3,4(博雅202)",200,本校修課人數上限：200人,兼通識A8*。。A8*:生命科學領域。可充抵通識,    , ,博雅202,0,0,1,1,1,0,0,0,0,0,0,0,0,0,0,0,0,0,0,0,0,0,0,0,0,0,0,0,0,0,0,0,0,0,0,0,0,0,0,0,0,0,0,0,0,0,0,0,0,0,0,0,0,0,0,0,0,0,0,0,0,0,0,0,0,0,0,0,0,0,0,0,0,0,0,0,0,0,0,0,0,0,0,0,0,0,0,0,0,0,0,0,0,0,0,0,0,0,0,0,0,0,0,0,0,0,0,0,0,0,0,0,1
82555, ,Psy4001, , 青少年心理學,  ,3.0,207 44370,半年,雷庚玲,2,"五7,8,9(新303)",100,"限學士班三年級以上 且 限外系（所）學生,本校修課人數上限：100人,外系人數限制：100人",醫學系不限年級。心理系只能加簽，需先修心測發展。與師培合班。加簽順序於8/20公告ceiba。兼通識A48*。。A48*:哲學與道德思考、生命科學領域。可充抵通識,    , ,新303,0,0,0,0,0,0,0,0,0,0,0,0,0,0,0,0,0,0,0,0,0,0,0,0,0,0,0,0,0,0,0,0,0,0,0,0,0,0,0,0,0,0,0,0,0,0,0,0,0,0,0,0,0,0,0,0,0,0,0,0,0,0,0,0,0,0,0,1,1,1,0,0,0,0,0,0,0,0,0,0,0,0,0,0,0,0,0,0,0,0,0,0,0,0,0,0,0,0,0,0,0,0,0,0,0,0,0,0,1,0,0,0,1
54063, ,Psy5204, , 犯罪、毒品與人性,  ,3.0,227 U6470,半年,賴文崧,2,"四8,9,10(新102)",240(含開放臺大系統人數:20),本校修課人數上限：220人,兼通識A5*。。A5*:公民意識與社會分析領域。可充抵通識,    , ,新102,0,0,0,0,0,0,0,0,0,0,0,0,0,0,0,0,0,0,0,0,0,0,0,0,0,0,0,0,0,0,0,0,0,0,0,0,0,0,0,0,0,0,0,0,0,0,0,0,0,0,0,0,0,1,1,1,0,0,0,0,0,0,0,0,0,0,0,0,0,0,0,0,0,0,0,0,0,0,0,0,0,0,0,0,0,0,0,0,0,0,0,0,0,0,0,0,0,0,0,0,0,0,0,0,0,0,0,0,0,1,0,0,0
63377, ,Ocean5008,01, 海洋科學概論,  ,2.0,241 U0750,半年,楊穎堅,3,"五3,4(海研大講堂)",210,本校修課人數上限：210人,通識A7*課程。A7*:物質科學領域。可充抵通識與溫良碩、王珮玲、魏志潾合授,    , ,海研大講堂,0,0,0,0,0,0,0,0,0,0,0,0,0,0,0,0,0,0,0,0,0,0,0,0,0,0,0,0,0,0,0,0,0,0,0,0,0,0,0,0,0,0,0,0,0,0,0,0,0,0,0,0,0,0,0,0,0,0,0,0,0,0,0,1,1,0,0,0,0,0,0,0,0,0,0,0,0,0,0,0,0,0,0,0,0,0,0,0,0,0,0,0,0,0,0,0,0,0,0,0,0,0,0,0,0,0,0,0,0,0,0,1,0
74023, ,Ocean5008,02, 海洋科學概論,  ,2.0,241 U0750,半年,楊穎堅,3,"五6,7(海研大講堂)",210,本校修課人數上限：210人,通識A7*課程。A7*:物質科學領域。可充抵通識與溫良碩、王珮玲、魏志潾合授,    , ,海研大講堂,0,0,0,0,0,0,0,0,0,0,0,0,0,0,0,0,0,0,0,0,0,0,0,0,0,0,0,0,0,0,0,0,0,0,0,0,0,0,0,0,0,0,0,0,0,0,0,0,0,0,0,0,0,0,0,0,0,0,0,0,0,0,0,0,0,0,1,1,0,0,0,0,0,0,0,0,0,0,0,0,0,0,0,0,0,0,0,0,0,0,0,0,0,0,0,0,0,0,0,0,0,0,0,0,0,0,0,0,0,0,0,1,0
24165, ,PS4634, , 政治學概論,  ,2.0,302 10130,半年,王業立,2,"三3,4(社科201)",150(含開放臺大系統人數:20),"本校修課人數上限：130人,外系人數限制：130人",本課程為「政治學」的概論性課程，政治系學生修習本課程不計入畢業學分，雙修及輔系學生不計入學分。。A5:公民意識與社會分析,    , ,社科201,0,0,0,0,0,0,0,0,0,0,0,0,0,0,0,0,0,0,0,0,0,0,0,0,0,0,0,0,0,0,0,0,0,1,1,0,0,0,0,0,0,0,0,0,0,0,0,0,0,0,0,0,0,0,0,0,0,0,0,0,0,0,0,0,0,0,0,0,0,0,0,0,0,0,0,0,0,0,0,0,0,0,0,0,0,0,0,0,0,0,0,0,0,0,0,0,0,0,0,0,0,0,0,0,0,0,0,0,0,1,0,0,0
12291, ,PS1011,03, 國際關係一,  ,2.0,302 10310,半年,郭銘傑,2,"四6,7(社科和碩講堂)",250,"本校修課人數上限：250人,外系人數限制：170人",兼通識A5*。。A5*:公民意識與社會分析領域。可充抵通識,    , ,社科和碩講堂,0,0,0,0,0,0,0,0,0,0,0,0,0,0,0,0,0,0,0,0,0,0,0,0,0,0,0,0,0,0,0,0,0,0,0,0,0,0,0,0,0,0,0,0,0,0,0,0,0,0,0,1,1,0,0,0,0,0,0,0,0,0,0,0,0,0,0,0,0,0,0,0,0,0,0,0,0,0,0,0,0,0,0,0,0,0,0,0,0,0,0,0,0,0,0,0,0,0,0,0,0,0,0,0,0,0,0,0,0,1,0,0,0
50754, ,PS4512, , 統計史導論,  ,2.0,302 20610,半年,黃旻華,2,"二3,4(社科407)",87(含開放臺大系統人數:20),"本校修課人數上限：67人,外系人數限制：67人",A6:量化分析與數學素養,    , ,社科407,0,0,0,0,0,0,0,0,0,0,0,0,0,0,0,0,0,0,1,1,0,0,0,0,0,0,0,0,0,0,0,0,0,0,0,0,0,0,0,0,0,0,0,0,0,0,0,0,0,0,0,0,0,0,0,0,0,0,0,0,0,0,0,0,0,0,0,0,0,0,0,0,0,0,0,0,0,0,0,0,0,0,0,0,0,0,0,0,0,0,0,0,0,0,0,0,0,0,0,0,0,0,0,0,0,0,0,0,0,0,1,0,0
70941, ,PS4625, , 認識歐洲與歐洲聯盟,  ,2.0,302 52500,半年,蘇宏達,2,"五3,4(社科502)",90,"本校修課人數上限：90人,外系人數限制：90人",A3:世界文明,    , ,社科502,0,0,0,0,0,0,0,0,0,0,0,0,0,0,0,0,0,0,0,0,0,0,0,0,0,0,0,0,0,0,0,0,0,0,0,0,0,0,0,0,0,0,0,0,0,0,0,0,0,0,0,0,0,0,0,0,0,0,0,0,0,0,0,1,1,0,0,0,0,0,0,0,0,0,0,0,0,0,0,0,0,0,0,0,0,0,0,0,0,0,0,0,0,0,0,0,0,0,0,0,0,0,0,0,0,0,0,1,0,0,0,0,0
25494, ,PS4642, , 全球通識講座-認識全球,  ,2.0,302 54000,半年,徐斯勤,2,"四3,4(博雅103)",160(含開放臺大系統人數:80),"本校修課人數上限：80人,外系人數限制：80人",另社團幹部30名由老師發授權碼。A5:公民意識與社會分析與羅清華、馮  燕合授,    , ,博雅103,0,0,0,0,0,0,0,0,0,0,0,0,0,0,0,0,0,0,0,0,0,0,0,0,0,0,0,0,0,0,0,0,0,0,0,0,0,0,0,0,0,0,0,0,0,0,0,0,1,1,0,0,0,0,0,0,0,0,0,0,0,0,0,0,0,0,0,0,0,0,0,0,0,0,0,0,0,0,0,0,0,0,0,0,0,0,0,0,0,0,0,0,0,0,0,0,0,0,0,0,0,0,0,0,0,0,0,0,0,1,0,0,0
73363, ,ECON1020,01, 個體經濟學原理與實習,  ,4.0,303 10110,半年,吳聰敏,3,"一5(博雅101)三5(博雅101)五3,4,5(博雅101)",350(含開放臺大系統人數:10),"限學士班一年級,本校修課人數上限：340人",一5三5實習課。各系必帶入作業完成後，於二階選課階段開放通識A5*選修。可抵通識。。A5*:公民意識與社會分析領域。可充抵通識,   , ,博雅101,0,0,0,0,0,1,0,0,0,0,0,0,0,0,0,0,0,0,0,0,0,0,0,0,0,0,0,0,0,0,0,0,0,0,0,1,0,0,0,0,0,0,0,0,0,0,0,0,0,0,0,0,0,0,0,0,0,0,0,0,0,0,0,1,1,1,0,0,0,0,0,0,0,0,0,0,0,0,0,0,0,0,0,0,0,0,0,0,0,0,0,0,0,0,0,0,0,0,0,0,0,0,0,0,0,0,0,0,0,1,0,0,0
62850, ,ECON1020,02, 個體經濟學原理與實習,  ,4.0,303 10110,半年,林明仁,2,"一5(社科和碩講堂)三5(社科和碩講堂)五2,3,4(社科和碩講堂)",200,"限學士班一年級,本校修課人數上限：200人",一5三5實習課。各系必帶入作業完成後，於二階選課階段開放通識A5*選修。可抵通識。。A5*:公民意識與社會分析領域。可充抵通識,  , ,社科和碩講堂,0,0,0,0,0,1,0,0,0,0,0,0,0,0,0,0,0,0,0,0,0,0,0,0,0,0,0,0,0,0,0,0,0,0,0,1,0,0,0,0,0,0,0,0,0,0,0,0,0,0,0,0,0,0,0,0,0,0,0,0,0,0,1,1,1,0,0,0,0,0,0,0,0,0,0,0,0,0,0,0,0,0,0,0,0,0,0,0,0,0,0,0,0,0,0,0,0,0,0,0,0,0,0,0,0,0,0,0,0,1,0,0,0
39785, ,ECON1020,03, 個體經濟學原理與實習,  ,4.0,303 10110,半年,江淳芳,2,"一5(博雅102)三5(博雅102)五3,4,5(博雅102)",150,"限學士班一年級,本校修課人數上限：150人",一5三5實習課。各系必帶入作業完成後，於二階選課階段開放通識A5*選修。可抵通識。。A5*:公民意識與社會分析領域。可充抵通識,    , ,博雅102,0,0,0,0,0,1,0,0,0,0,0,0,0,0,0,0,0,0,0,0,0,0,0,0,0,0,0,0,0,0,0,0,0,0,0,1,0,0,0,0,0,0,0,0,0,0,0,0,0,0,0,0,0,0,0,0,0,0,0,0,0,0,0,1,1,1,0,0,0,0,0,0,0,0,0,0,0,0,0,0,0,0,0,0,0,0,0,0,0,0,0,0,0,0,0,0,0,0,0,0,0,0,0,0,0,0,0,0,0,1,0,0,0
49953, ,ECON1020,04, 個體經濟學原理與實習,  ,4.0,303 10110,半年,樊家忠,2,"一5(社科102)三5(社科102)五2,3,4(社科102)",131,"限學士班一年級,本校修課人數上限：131人",一5三5實習課。各系必帶入作業完成後，於二階選課階段開放通識A5*選修。可抵通識。。A5*:公民意識與社會分析領域。可充抵通識,    , ,社科102,0,0,0,0,0,1,0,0,0,0,0,0,0,0,0,0,0,0,0,0,0,0,0,0,0,0,0,0,0,0,0,0,0,0,0,1,0,0,0,0,0,0,0,0,0,0,0,0,0,0,0,0,0,0,0,0,0,0,0,0,0,0,1,1,1,0,0,0,0,0,0,0,0,0,0,0,0,0,0,0,0,0,0,0,0,0,0,0,0,0,0,0,0,0,0,0,0,0,0,0,0,0,0,0,0,0,0,0,0,1,0,0,0
41778, ,ECON1020,05, 個體經濟學原理與實習,  ,4.0,303E10110,半年,王道一,2,"一5(博雅103)三5(博雅103)五2,3,4(博雅103)",250(含開放臺大系統人數:6),"限學士班一年級,本校修課人數上限：244人,外系人數限制：150人",本課程以英語授課。一5三5實習課。各系必帶入作業完成後，於二階選課階段開放通識A5*選修。可抵通識。。A5*:公民意識與社會分析領域。可充抵通識本課程英文化程度說明,   , ,博雅103,0,0,0,0,0,1,0,0,0,0,0,0,0,0,0,0,0,0,0,0,0,0,0,0,0,0,0,0,0,0,0,0,0,0,0,1,0,0,0,0,0,0,0,0,0,0,0,0,0,0,0,0,0,0,0,0,0,0,0,0,0,0,1,1,1,0,0,0,0,0,0,0,0,0,0,0,0,0,0,0,0,0,0,0,0,0,0,0,0,0,0,0,0,0,0,0,0,0,0,0,0,0,0,0,0,0,0,0,0,1,0,0,0
21293, ,ECON1022,01, 個體經濟學原理,  ,3.0,303 10130,半年,李顯峰,2,"一8,9,10(普101)",250,本校修課人數上限：250人,工管系時段(必帶入)，法律系時段（非法律系系內選修課程）。兼通識A5*。。A5*:公民意識與社會分析領域。可充抵通識,   , ,普101,0,0,0,0,0,0,0,0,1,1,1,0,0,0,0,0,0,0,0,0,0,0,0,0,0,0,0,0,0,0,0,0,0,0,0,0,0,0,0,0,0,0,0,0,0,0,0,0,0,0,0,0,0,0,0,0,0,0,0,0,0,0,0,0,0,0,0,0,0,0,0,0,0,0,0,0,0,0,0,0,0,0,0,0,0,0,0,0,0,0,0,0,0,0,0,0,0,0,0,0,0,0,0,0,0,0,0,0,0,1,0,0,0
82120, ,ECON1022,02, 個體經濟學原理,  ,3.0,303 10130,半年,劉錦添,2,"三2,3,4(社科403)",100(含開放臺大系統人數:10),本校修課人數上限：90人,公衛系時段(必帶入)。兼通識A5*。。A5*:公民意識與社會分析領域。可充抵通識,    , ,社科403,0,0,0,0,0,0,0,0,0,0,0,0,0,0,0,0,0,0,0,0,0,0,0,0,0,0,0,0,0,0,0,0,1,1,1,0,0,0,0,0,0,0,0,0,0,0,0,0,0,0,0,0,0,0,0,0,0,0,0,0,0,0,0,0,0,0,0,0,0,0,0,0,0,0,0,0,0,0,0,0,0,0,0,0,0,0,0,0,0,0,0,0,0,0,0,0,0,0,0,0,0,0,0,0,0,0,0,0,0,1,0,0,0
15968, ,ECON1023, , 總體經濟學原理,  ,3.0,303 10140,半年,陳虹如,3,"一2,3,4(社科303)",100,本校修課人數上限：100人,兼通識A5*。。A5*:公民意識與社會分析領域。可充抵通識,   , ,社科303,0,0,1,1,1,0,0,0,0,0,0,0,0,0,0,0,0,0,0,0,0,0,0,0,0,0,0,0,0,0,0,0,0,0,0,0,0,0,0,0,0,0,0,0,0,0,0,0,0,0,0,0,0,0,0,0,0,0,0,0,0,0,0,0,0,0,0,0,0,0,0,0,0,0,0,0,0,0,0,0,0,0,0,0,0,0,0,0,0,0,0,0,0,0,0,0,0,0,0,0,0,0,0,0,0,0,0,0,0,1,0,0,0
55739, ,ECON3007, , 經濟史一,  ,3.0,303E20010,半年,魏凱立,3,"一7,8,9(社科403)",131,本校修課人數上限：131人,本課程以英語授課。。A5:公民意識與社會分析本課程英文化程度說明,   , ,社科403,0,0,0,0,0,0,0,1,1,1,0,0,0,0,0,0,0,0,0,0,0,0,0,0,0,0,0,0,0,0,0,0,0,0,0,0,0,0,0,0,0,0,0,0,0,0,0,0,0,0,0,0,0,0,0,0,0,0,0,0,0,0,0,0,0,0,0,0,0,0,0,0,0,0,0,0,0,0,0,0,0,0,0,0,0,0,0,0,0,0,0,0,0,0,0,0,0,0,0,0,0,0,0,0,0,0,0,0,0,1,0,0,0
41427, ,ECON2024, , 影視幕後的商業運作,  ,2.0,303 22080,半年,馮勃翰,2,"五6,7(博雅102)",160(含開放臺大系統人數:10),本校修課人數上限：150人,初選限160人，加選採申請制，總人數限240人。通識課程。不可抵經濟系選修。限大二以上。。A16:文學與藝術、量化分析與數學素養,   , ,博雅102,0,0,0,0,0,0,0,0,0,0,0,0,0,0,0,0,0,0,0,0,0,0,0,0,0,0,0,0,0,0,0,0,0,0,0,0,0,0,0,0,0,0,0,0,0,0,0,0,0,0,0,0,0,0,0,0,0,0,0,0,0,0,0,0,0,0,1,1,0,0,0,0,0,0,0,0,0,0,0,0,0,0,0,0,0,0,0,0,0,0,0,0,0,0,0,0,0,0,0,0,0,0,0,0,0,1,0,0,0,0,1,0,0
51343, ,ECON4034, , 創新和產業經濟學,  ,2.0,303 45300,半年,鄭秀玲,2,"二6,7(社科302)",40,"限學士班三年級以上,本校修課人數上限：40人",兼通識A5*。。A5*:公民意識與社會分析領域。可充抵通識,    , ,社科302,0,0,0,0,0,0,0,0,0,0,0,0,0,0,0,0,0,0,0,0,0,1,1,0,0,0,0,0,0,0,0,0,0,0,0,0,0,0,0,0,0,0,0,0,0,0,0,0,0,0,0,0,0,0,0,0,0,0,0,0,0,0,0,0,0,0,0,0,0,0,0,0,0,0,0,0,0,0,0,0,0,0,0,0,0,0,0,0,0,0,0,0,0,0,0,0,0,0,0,0,0,0,0,0,0,0,0,0,0,1,0,0,0
22962, ,Soc1027,01, 社會學,  ,3.0,305 10110,半年,簡妤儒,2,"三6,7,8(普103)",120,本校修課人數上限：120人,必修系所不可充抵通識A5*。A5*:公民意識與社會分析領域。可充抵通識,    , ,普103,0,0,0,0,0,0,0,0,0,0,0,0,0,0,0,0,0,0,0,0,0,0,0,0,0,0,0,0,0,0,0,0,0,0,0,0,1,1,1,0,0,0,0,0,0,0,0,0,0,0,0,0,0,0,0,0,0,0,0,0,0,0,0,0,0,0,0,0,0,0,0,0,0,0,0,0,0,0,0,0,0,0,0,0,0,0,0,0,0,0,0,0,0,0,0,0,0,0,0,0,0,0,0,0,0,0,0,0,0,1,0,0,0
15061, ,Soc1027,02, 社會學,  ,3.0,305 10110,半年,吳嘉苓,2,"五7,8,9(共201)",100,本校修課人數上限：100人,必修系所不可充抵通識A5*。A5*:公民意識與社會分析領域。可充抵通識,    , ,共201,0,0,0,0,0,0,0,0,0,0,0,0,0,0,0,0,0,0,0,0,0,0,0,0,0,0,0,0,0,0,0,0,0,0,0,0,0,0,0,0,0,0,0,0,0,0,0,0,0,0,0,0,0,0,0,0,0,0,0,0,0,0,0,0,0,0,0,1,1,1,0,0,0,0,0,0,0,0,0,0,0,0,0,0,0,0,0,0,0,0,0,0,0,0,0,0,0,0,0,0,0,0,0,0,0,0,0,0,0,1,0,0,0
39631, ,Soc1027,03, 社會學,  ,3.0,305E10110,半年,劉華真,2,"二2,3,4(綜604)",50,本校修課人數上限：50人,本課程以英語授課。必修系所不可充抵通識A5*。A5*:公民意識與社會分析領域。可充抵通識本課程英文化程度說明,    , ,綜604,0,0,0,0,0,0,0,0,0,0,0,0,0,0,0,0,0,1,1,1,0,0,0,0,0,0,0,0,0,0,0,0,0,0,0,0,0,0,0,0,0,0,0,0,0,0,0,0,0,0,0,0,0,0,0,0,0,0,0,0,0,0,0,0,0,0,0,0,0,0,0,0,0,0,0,0,0,0,0,0,0,0,0,0,0,0,0,0,0,0,0,0,0,0,0,0,0,0,0,0,0,0,0,0,0,0,0,0,0,1,0,0,0
15236, ,Soc1027,04, 社會學,  ,3.0,305 10110,半年,李令儀,2,"三2,3,4(共105)",50,本校修課人數上限：50人,必修系所不可充抵通識A5*。A5*:公民意識與社會分析領域。可充抵通識,    , ,共105,0,0,0,0,0,0,0,0,0,0,0,0,0,0,0,0,0,0,0,0,0,0,0,0,0,0,0,0,0,0,0,0,1,1,1,0,0,0,0,0,0,0,0,0,0,0,0,0,0,0,0,0,0,0,0,0,0,0,0,0,0,0,0,0,0,0,0,0,0,0,0,0,0,0,0,0,0,0,0,0,0,0,0,0,0,0,0,0,0,0,0,0,0,0,0,0,0,0,0,0,0,0,0,0,0,0,0,0,0,1,0,0,0
53862, ,Soc1004, , 社會學甲上,  ,3.0,305 101A1,全年,陳東升,2,"二2,3,4(共101)",150(含開放臺大系統人數:10),"本校修課人數上限：140人,外系人數限制：10人",實習時間為週二至週四17：3019：20，分組進行。實習課請選社甲實習上。兼通識A5*。。A5*:公民意識與社會分析領域。可充抵通識,    , ,共101,0,0,0,0,0,0,0,0,0,0,0,0,0,0,0,0,0,1,1,1,0,0,0,0,0,0,0,0,0,0,0,0,0,0,0,0,0,0,0,0,0,0,0,0,0,0,0,0,0,0,0,0,0,0,0,0,0,0,0,0,0,0,0,0,0,0,0,0,0,0,0,0,0,0,0,0,0,0,0,0,0,0,0,0,0,0,0,0,0,0,0,0,0,0,0,0,0,0,0,0,0,0,0,0,0,0,0,0,0,1,0,0,0
56477, ,Soc1013,01, 社會學導論,  ,2.0,305 10240,半年,林鶴玲,2,"二3,4(綜504)",80(含開放臺大系統人數:6),本校修課人數上限：74人,A5:公民意識與社會分析,    , ,綜504,0,0,0,0,0,0,0,0,0,0,0,0,0,0,0,0,0,0,1,1,0,0,0,0,0,0,0,0,0,0,0,0,0,0,0,0,0,0,0,0,0,0,0,0,0,0,0,0,0,0,0,0,0,0,0,0,0,0,0,0,0,0,0,0,0,0,0,0,0,0,0,0,0,0,0,0,0,0,0,0,0,0,0,0,0,0,0,0,0,0,0,0,0,0,0,0,0,0,0,0,0,0,0,0,0,0,0,0,0,1,0,0,0
57582, ,PS5701, , 東亞民主化專題,  ,2.0,322EU2370,半年,黃旻華,2,"二8,9(社科303)",141(含開放臺大系統人數:10),"本校修課人數上限：131人,外系人數限制：60人",本課程以英語授課。兼通識A5*。。A5*:公民意識與社會分析領域。可充抵通識本課程英文化程度說明,    , ,社科303,0,0,0,0,0,0,0,0,0,0,0,0,0,0,0,0,0,0,0,0,0,0,0,1,1,0,0,0,0,0,0,0,0,0,0,0,0,0,0,0,0,0,0,0,0,0,0,0,0,0,0,0,0,0,0,0,0,0,0,0,0,0,0,0,0,0,0,0,0,0,0,0,0,0,0,0,0,0,0,0,0,0,0,0,0,0,0,0,0,0,0,0,0,0,0,0,0,0,0,0,0,0,0,0,0,0,0,0,0,1,0,0,0
50166, ,NtlDev1050, , 中國大陸法律發展,  ,2.0,341 11590,半年,陳顯武,2,"五5,6(共201)",160(含開放臺大系統人數:10),"本校修課人數上限：150人,外系人數限制：150人",A5:公民意識與社會分析,    , ,共201,0,0,0,0,0,0,0,0,0,0,0,0,0,0,0,0,0,0,0,0,0,0,0,0,0,0,0,0,0,0,0,0,0,0,0,0,0,0,0,0,0,0,0,0,0,0,0,0,0,0,0,0,0,0,0,0,0,0,0,0,0,0,0,0,0,1,1,0,0,0,0,0,0,0,0,0,0,0,0,0,0,0,0,0,0,0,0,0,0,0,0,0,0,0,0,0,0,0,0,0,0,0,0,0,0,0,0,0,0,1,0,0,0
19556, ,NtlDev1095, , 中國大陸研究學程導論,  ,2.0,341 17850,半年,葉國俊,2,"二7,8(社科202)",75(含開放臺大系統人數:10),"本校修課人數上限：65人,外系人數限制：65人",A5:公民意識與社會分析,   , ,社科202,0,0,0,0,0,0,0,0,0,0,0,0,0,0,0,0,0,0,0,0,0,0,1,1,0,0,0,0,0,0,0,0,0,0,0,0,0,0,0,0,0,0,0,0,0,0,0,0,0,0,0,0,0,0,0,0,0,0,0,0,0,0,0,0,0,0,0,0,0,0,0,0,0,0,0,0,0,0,0,0,0,0,0,0,0,0,0,0,0,0,0,0,0,0,0,0,0,0,0,0,0,0,0,0,0,0,0,0,0,1,0,0,0
27967, ,NtlDev1084, , 朝鮮王朝的建立與發展,  ,2.0,341 17950,半年,姜智恩,2,"四1,2(博雅202)",110,"本校修課人數上限：110人,外系人數限制：110人",A23:歷史思維、世界文明,    , ,博雅202,0,0,0,0,0,0,0,0,0,0,0,0,0,0,0,0,0,0,0,0,0,0,0,0,0,0,0,0,0,0,0,0,0,0,0,0,0,0,0,0,0,0,0,0,0,0,1,1,0,0,0,0,0,0,0,0,0,0,0,0,0,0,0,0,0,0,0,0,0,0,0,0,0,0,0,0,0,0,0,0,0,0,0,0,0,0,0,0,0,0,0,0,0,0,0,0,0,0,0,0,0,0,0,0,0,0,1,1,0,0,0,0,0
12001, ,Med1002, , 月經:理論、思潮與行動,  ,2.0,401 11600,半年,黃韻如,3,"三9,10(博雅102)",100,本校修課人數上限：100人,A58:公民意識與社會分析、生命科學與謝筱玫、詹魁元、張聖琳、蔡沛學合授,   , ,博雅102,0,0,0,0,0,0,0,0,0,0,0,0,0,0,0,0,0,0,0,0,0,0,0,0,0,0,0,0,0,0,0,0,0,0,0,0,0,0,0,1,1,0,0,0,0,0,0,0,0,0,0,0,0,0,0,0,0,0,0,0,0,0,0,0,0,0,0,0,0,0,0,0,0,0,0,0,0,0,0,0,0,0,0,0,0,0,0,0,0,0,0,0,0,0,0,0,0,0,0,0,0,0,0,0,0,0,0,0,0,1,0,0,1
51571, ,MD&PH5007,01, 醫學與生活,  ,2.0,405 50900,半年,楊榮森,3,"三8,9(基醫101)",160,本校修課人數上限：160人,合開教師:賴聖如。。A8:生命科學與何子昌、廖士程、謝銘鈞、程劭儀、盤松青、彭仁奎、姚建安、紀乃新、梁嘉德、曾子豪、呂育全、李正、徐瑋勵、蕭斐元合授,    , ,基醫101,0,0,0,0,0,0,0,0,0,0,0,0,0,0,0,0,0,0,0,0,0,0,0,0,0,0,0,0,0,0,0,0,0,0,0,0,0,0,1,1,0,0,0,0,0,0,0,0,0,0,0,0,0,0,0,0,0,0,0,0,0,0,0,0,0,0,0,0,0,0,0,0,0,0,0,0,0,0,0,0,0,0,0,0,0,0,0,0,0,0,0,0,0,0,0,0,0,0,0,0,0,0,0,0,0,0,0,0,0,0,0,0,1
66075, ,MD&PH5007,02, 醫學與生活,  ,2.0,405 50900,半年,江鴻生,3,"三6,7(基醫104)",120,本校修課人數上限：120人,與烏惟新合授。。A8:生命科學與嚴崇仁、陳宜君、黃瑞雄、許昭禹、譚慶鼎、曾慶孝、謝武勳、謝松洲、李銘仁、柴惠敏、簡盟月、孫家棟、吳造中、蔡甫昌合授,    , ,基醫104,0,0,0,0,0,0,0,0,0,0,0,0,0,0,0,0,0,0,0,0,0,0,0,0,0,0,0,0,0,0,0,0,0,0,0,0,1,1,0,0,0,0,0,0,0,0,0,0,0,0,0,0,0,0,0,0,0,0,0,0,0,0,0,0,0,0,0,0,0,0,0,0,0,0,0,0,0,0,0,0,0,0,0,0,0,0,0,0,0,0,0,0,0,0,0,0,0,0,0,0,0,0,0,0,0,0,0,0,0,0,0,0,1
36032, ,MD&PH5007,03, 醫學與生活,  ,2.0,405 50900,半年,楊榮森,3,"三6,7(基醫101)",160,本校修課人數上限：160人,合開教師:楊錫欽。。A8:生命科學與薛博仁、鄭雅蓉、劉智民、黃國皓、吳爵宏、蔡宏斌、黃韻如、李正、黃貴薰、王淑芬、沈麗娟、吳木榮、鄭金寶合授,    , ,基醫101,0,0,0,0,0,0,0,0,0,0,0,0,0,0,0,0,0,0,0,0,0,0,0,0,0,0,0,0,0,0,0,0,0,0,0,0,1,1,0,0,0,0,0,0,0,0,0,0,0,0,0,0,0,0,0,0,0,0,0,0,0,0,0,0,0,0,0,0,0,0,0,0,0,0,0,0,0,0,0,0,0,0,0,0,0,0,0,0,0,0,0,0,0,0,0,0,0,0,0,0,0,0,0,0,0,0,0,0,0,0,0,0,1
89115, ,MD&PH5008, , 現代生物技術與健康,  ,2.0,405 51000,半年,張明富,2,"四3,4(普103)",250(含開放臺大系統人數:20),本校修課人數上限：230人,A8:生命科學與吳明義、蔡孟昆、戴浩志、江君揚、劉謙美、蘇剛毅、楊偉勛、張富雄、詹迺立、林敬哲、錢宗良、伍安怡、楊志新、張以承合授,    , ,普103,0,0,0,0,0,0,0,0,0,0,0,0,0,0,0,0,0,0,0,0,0,0,0,0,0,0,0,0,0,0,0,0,0,0,0,0,0,0,0,0,0,0,0,0,0,0,0,0,1,1,0,0,0,0,0,0,0,0,0,0,0,0,0,0,0,0,0,0,0,0,0,0,0,0,0,0,0,0,0,0,0,0,0,0,0,0,0,0,0,0,0,0,0,0,0,0,0,0,0,0,0,0,0,0,0,0,0,0,0,0,0,0,1
33230, ,MD&PH5023, , 醫療與社會,  ,2.0,405 52600,半年,朱宗信,2,"一6,7(基醫302)",30,本校修課人數上限：30人,兼通識A45*。。A45*:哲學與道德思考、公民意識與社會分析領域。可充抵通識與吳嘉苓、蔡甫昌、吳建昌、陳彥元、陳聰富合授,    , ,基醫302,0,0,0,0,0,0,1,1,0,0,0,0,0,0,0,0,0,0,0,0,0,0,0,0,0,0,0,0,0,0,0,0,0,0,0,0,0,0,0,0,0,0,0,0,0,0,0,0,0,0,0,0,0,0,0,0,0,0,0,0,0,0,0,0,0,0,0,0,0,0,0,0,0,0,0,0,0,0,0,0,0,0,0,0,0,0,0,0,0,0,0,0,0,0,0,0,0,0,0,0,0,0,0,0,0,0,0,0,1,1,0,0,0
60444, ,MD&PH5024, , 醫學與人文,  ,2.0,405 52700,半年,陳彥元,2,"五6,7(基醫301)",80,本校修課人數上限：80人,與徐思淳.林子忻合開。兼通識A12*。。A12*:文學與藝術、歷史思維領域。可充抵通識與許博欽、呂  立、蘇真真、蔡詩力合授,    , ,基醫301,0,0,0,0,0,0,0,0,0,0,0,0,0,0,0,0,0,0,0,0,0,0,0,0,0,0,0,0,0,0,0,0,0,0,0,0,0,0,0,0,0,0,0,0,0,0,0,0,0,0,0,0,0,0,0,0,0,0,0,0,0,0,0,0,0,0,1,1,0,0,0,0,0,0,0,0,0,0,0,0,0,0,0,0,0,0,0,0,0,0,0,0,0,0,0,0,0,0,0,0,0,0,0,0,0,1,1,0,0,0,0,0,0
41757, ,MD&PH5078, , 心理健康促進與自殺防治,  ,3.0,405 53000,半年,吳佳儀,2,"三7,8,9(新204)",100,本校修課人數上限：100人,初選不開放。選課9/15前填修課動機單https://forms.gle/oqvZx7A3DkA9KbaX8。A5:公民意識與社會分析與李明濱合授,    , ,新204,0,0,0,0,0,0,0,0,0,0,0,0,0,0,0,0,0,0,0,0,0,0,0,0,0,0,0,0,0,0,0,0,0,0,0,0,0,1,1,1,0,0,0,0,0,0,0,0,0,0,0,0,0,0,0,0,0,0,0,0,0,0,0,0,0,0,0,0,0,0,0,0,0,0,0,0,0,0,0,0,0,0,0,0,0,0,0,0,0,0,0,0,0,0,0,0,0,0,0,0,0,0,0,0,0,0,0,1,0,0,0,0,0
32087, ,ClinMD5013, , 探索臺灣：生技醫藥及疾病,  ,2.0,421EU8000,半年,江伯倫,3,"五8,9(綜504)",80,本校修課人數上限：80人,"本課程以英語授課。限國際生,讓國際生了解台灣醫學科技進步,介紹本地特色疾病,台灣在COVID-19預防和治療上成果。A8:生命科學與陳宜君、劉俊人、朱家瑜、俞欣慧、樹金忠、楊偉勛、蔡幸真、吳忠勳合授本課程英文化程度說明",    , ,綜504,0,0,0,0,0,0,0,0,0,0,0,0,0,0,0,0,0,0,0,0,0,0,0,0,0,0,0,0,0,0,0,0,0,0,0,0,0,0,0,0,0,0,0,0,0,0,0,0,0,0,0,0,0,0,0,0,0,0,0,0,0,0,0,0,0,0,0,0,1,1,0,0,0,0,0,0,0,0,0,0,0,0,0,0,0,0,0,0,0,0,0,0,0,0,0,0,0,0,0,0,0,0,0,0,0,0,0,0,0,0,0,0,1
25699, ,Phmco1001, , 細胞治療與再生醫學面面觀,  ,2.0,443 10010,半年,林泰元,3,"一8,9(博雅301)",40,本校修課人數上限：40人,A8:生命科學,    , ,博雅301,0,0,0,0,0,0,0,0,1,1,0,0,0,0,0,0,0,0,0,0,0,0,0,0,0,0,0,0,0,0,0,0,0,0,0,0,0,0,0,0,0,0,0,0,0,0,0,0,0,0,0,0,0,0,0,0,0,0,0,0,0,0,0,0,0,0,0,0,0,0,0,0,0,0,0,0,0,0,0,0,0,0,0,0,0,0,0,0,0,0,0,0,0,0,0,0,0,0,0,0,0,0,0,0,0,0,0,0,0,0,0,0,1
11363, ,Tox5009, , 毒道之處看不見的危機!,  ,2.0,447 U2500,半年,姜至剛,2,"一8,9(博雅202)",180(含開放臺大系統人數:10),本校修課人數上限：170人,A78:物質科學、生命科學與劉興華、陳惠文、劉秉慧、蔡幸真、華國泰、陳珮珊合授,    , ,博雅202,0,0,0,0,0,0,0,0,1,1,0,0,0,0,0,0,0,0,0,0,0,0,0,0,0,0,0,0,0,0,0,0,0,0,0,0,0,0,0,0,0,0,0,0,0,0,0,0,0,0,0,0,0,0,0,0,0,0,0,0,0,0,0,0,0,0,0,0,0,0,0,0,0,0,0,0,0,0,0,0,0,0,0,0,0,0,0,0,0,0,0,0,0,0,0,0,0,0,0,0,0,0,0,0,0,0,0,0,0,0,0,1,1
62726, ,ME4110, , 工程發展與社會變遷,  ,2.0,502 45350,半年,楊申語,2,"四6,7(博雅103)",180,"本校修課人數上限：180人,外系人數限制：100人",第一次上課未到者視同放棄。兼通識A7*。。A7*:物質科學領域。可充抵通識,    , ,博雅103,0,0,0,0,0,0,0,0,0,0,0,0,0,0,0,0,0,0,0,0,0,0,0,0,0,0,0,0,0,0,0,0,0,0,0,0,0,0,0,0,0,0,0,0,0,0,0,0,0,0,0,1,1,0,0,0,0,0,0,0,0,0,0,0,0,0,0,0,0,0,0,0,0,0,0,0,0,0,0,0,0,0,0,0,0,0,0,0,0,0,0,0,0,0,0,0,0,0,0,0,0,0,0,0,0,0,0,0,0,0,0,1,0
58150, ,ME4116, , 現代科技與人類文明,  ,2.0,502 45410,半年,楊申語,2,"二6,7(博雅102)",180,本校修課人數上限：180人,第一次上課未到者視同放棄。兼通識A7*。。A7*:物質科學領域。可充抵通識,    , ,博雅102,0,0,0,0,0,0,0,0,0,0,0,0,0,0,0,0,0,0,0,0,0,1,1,0,0,0,0,0,0,0,0,0,0,0,0,0,0,0,0,0,0,0,0,0,0,0,0,0,0,0,0,0,0,0,0,0,0,0,0,0,0,0,0,0,0,0,0,0,0,0,0,0,0,0,0,0,0,0,0,0,0,0,0,0,0,0,0,0,0,0,0,0,0,0,0,0,0,0,0,0,0,0,0,0,0,0,0,0,0,0,0,1,0
30859, ,ESOE3003, , 工程及專業倫理,  ,2.0,505 30140,半年,陳琪芳,2,"五6,7(工綜B03)",75,本校修課人數上限：75人,兼通識A4*。第一次上課未到者視同放棄。。A4*:哲學與道德思考領域。可充抵通識與蔡甫昌、李志中、張俊哲、張時中、李君浩、王秀槐合授,    , ,工綜B03,0,0,0,0,0,0,0,0,0,0,0,0,0,0,0,0,0,0,0,0,0,0,0,0,0,0,0,0,0,0,0,0,0,0,0,0,0,0,0,0,0,0,0,0,0,0,0,0,0,0,0,0,0,0,0,0,0,0,0,0,0,0,0,0,0,0,1,1,0,0,0,0,0,0,0,0,0,0,0,0,0,0,0,0,0,0,0,0,0,0,0,0,0,0,0,0,0,0,0,0,0,0,0,0,0,0,0,0,1,0,0,0,0
10951, ,EnvE5007, , 綠色生產與消費,  ,2.0,541 U0160,半年,駱尚廉,2,"四3,4(環工103)",80,本校修課人數上限：80人,兼通識A57*。。A57*:公民意識與社會分析、物質科學領域。可充抵通識與蔣本基、闕蓓德、于昌平、袁美華合授,    , ,環工103,0,0,0,0,0,0,0,0,0,0,0,0,0,0,0,0,0,0,0,0,0,0,0,0,0,0,0,0,0,0,0,0,0,0,0,0,0,0,0,0,0,0,0,0,0,0,0,0,1,1,0,0,0,0,0,0,0,0,0,0,0,0,0,0,0,0,0,0,0,0,0,0,0,0,0,0,0,0,0,0,0,0,0,0,0,0,0,0,0,0,0,0,0,0,0,0,0,0,0,0,0,0,0,0,0,0,0,0,0,1,0,1,0
46538, ,Forest2048, , 認識全球，在地國際化,  ,2.0,605E26260,半年,袁孝維,2,"四8,9(博雅102)",250(含開放臺大系統人數:60),"本校修課人數上限：190人,外系人數限制：160人",本課程以英語授課。兼通識A35*。。A35*:世界文明、公民意識與社會分析領域。可充抵通識與周家蓓合授本課程英文化程度說明,    , ,博雅102,0,0,0,0,0,0,0,0,0,0,0,0,0,0,0,0,0,0,0,0,0,0,0,0,0,0,0,0,0,0,0,0,0,0,0,0,0,0,0,0,0,0,0,0,0,0,0,0,0,0,0,0,0,1,1,0,0,0,0,0,0,0,0,0,0,0,0,0,0,0,0,0,0,0,0,0,0,0,0,0,0,0,0,0,0,0,0,0,0,0,0,0,0,0,0,0,0,0,0,0,0,0,0,0,0,0,0,1,0,1,0,0,0
46885, ,Forest3031,01, 森林生物多樣性概論,  ,3.0,605 39460,半年,丁宗蘇,2,"六2,3,4,6,7,8,9(請洽系所辦)  ",35,"本校修課人數上限：35人,外系人數限制：32人",生物群選必。110年10月22-26日為校外教學日，此時間若與其他課程衝堂，請勿選課。兼通識A8*。。A8*:生命科學領域。可充抵通識與蔡明哲、羅南德、曾惠芸合授,    , ,請洽系所辦,0,0,0,0,0,0,0,0,0,0,0,0,0,0,0,0,0,0,0,0,0,0,0,0,0,0,0,0,0,0,0,0,0,0,0,0,0,0,0,0,0,0,0,0,0,0,0,0,0,0,0,0,0,0,0,0,0,0,0,0,0,0,0,0,0,0,0,0,0,0,0,0,0,0,0,0,0,1,1,1,0,1,1,1,1,0,0,0,0,0,0,0,0,0,0,0,0,0,0,0,0,0,0,0,0,0,0,0,0,0,0,0,1
13816, ,Forest3031,02, 森林生物多樣性概論,  ,3.0,605 39460,半年,丁宗蘇,2,"六2,3,4,6,7,8,9(請洽系所辦)  ",35,"本校修課人數上限：35人,外系人數限制：32人",生物群選必。110年10月29日-11月2日為校外教學日，此時間若與其他課程衝堂，請勿選課。兼通識A8*。。A8*:生命科學領域。可充抵通識與蔡明哲、羅南德、曾惠芸合授,    , ,請洽系所辦,0,0,0,0,0,0,0,0,0,0,0,0,0,0,0,0,0,0,0,0,0,0,0,0,0,0,0,0,0,0,0,0,0,0,0,0,0,0,0,0,0,0,0,0,0,0,0,0,0,0,0,0,0,0,0,0,0,0,0,0,0,0,0,0,0,0,0,0,0,0,0,0,0,0,0,0,0,1,1,1,0,1,1,1,1,0,0,0,0,0,0,0,0,0,0,0,0,0,0,0,0,0,0,0,0,0,0,0,0,0,0,0,1
32758, ,Forest3031,03, 森林生物多樣性概論,  ,3.0,605 39460,半年,丁宗蘇,2,"六2,3,4,5,6,7,8,9(請洽系所辦)  ",35(含開放臺大系統人數:8),"本校修課人數上限：27人,外系人數限制：24人",生物群選必。110年11月19-23日為校外教學日，此時間若與其他課程衝堂，請勿選課。兼通識A8*。。A8*:生命科學領域。可充抵通識與蔡明哲、羅南德、曾惠芸合授,    , ,請洽系所辦,0,0,0,0,0,0,0,0,0,0,0,0,0,0,0,0,0,0,0,0,0,0,0,0,0,0,0,0,0,0,0,0,0,0,0,0,0,0,0,0,0,0,0,0,0,0,0,0,0,0,0,0,0,0,0,0,0,0,0,0,0,0,0,0,0,0,0,0,0,0,0,0,0,0,0,0,0,1,1,1,1,1,1,1,1,0,0,0,0,0,0,0,0,0,0,0,0,0,0,0,0,0,0,0,0,0,0,0,0,0,0,0,1
89245, ,Forest3031,04, 森林生物多樣性概論,  ,3.0,605 39460,半年,丁宗蘇,2,"六2,3,4,6,7,8,9(請洽系所辦)  ",35,"本校修課人數上限：35人,外系人數限制：32人",生物群選必。110年11月26-30日為校外教學日，此時間若與其他課程衝堂，請勿選課。兼通識A8*。。A8*:生命科學領域。可充抵通識與蔡明哲、羅南德、曾惠芸合授,    , ,請洽系所辦,0,0,0,0,0,0,0,0,0,0,0,0,0,0,0,0,0,0,0,0,0,0,0,0,0,0,0,0,0,0,0,0,0,0,0,0,0,0,0,0,0,0,0,0,0,0,0,0,0,0,0,0,0,0,0,0,0,0,0,0,0,0,0,0,0,0,0,0,0,0,0,0,0,0,0,0,0,1,1,1,0,1,1,1,1,0,0,0,0,0,0,0,0,0,0,0,0,0,0,0,0,0,0,0,0,0,0,0,0,0,0,0,1
77445, ,Forest3031,05, 森林生物多樣性概論,  ,3.0,605 39460,半年,丁宗蘇,2,"六2,3,4,6,7,8,9(請洽系所辦)  ",35,"本校修課人數上限：35人,外系人數限制：32人",生物群選必。110年12月3-7日為校外教學日，此時間若與其他課程衝堂，請勿選課。兼通識A8*。。A8*:生命科學領域。可充抵通識與蔡明哲、羅南德、曾惠芸合授,    , ,請洽系所辦,0,0,0,0,0,0,0,0,0,0,0,0,0,0,0,0,0,0,0,0,0,0,0,0,0,0,0,0,0,0,0,0,0,0,0,0,0,0,0,0,0,0,0,0,0,0,0,0,0,0,0,0,0,0,0,0,0,0,0,0,0,0,0,0,0,0,0,0,0,0,0,0,0,0,0,0,0,1,1,1,0,1,1,1,1,0,0,0,0,0,0,0,0,0,0,0,0,0,0,0,0,0,0,0,0,0,0,0,0,0,0,0,1
25398, ,Forest3031,06, 森林生物多樣性概論,  ,3.0,605 39460,半年,丁宗蘇,2,"六2,3,4,5,6,7,8,9(請洽系所辦)  ",35(含開放臺大系統人數:8),"本校修課人數上限：27人,外系人數限制：24人",生物群選必。110年12月10-14日為校外教學日，此時間若與其他課程衝堂，請勿選課。兼通識A8*。。A8*:生命科學領域。可充抵通識與蔡明哲、羅南德、曾惠芸合授,    , ,請洽系所辦,0,0,0,0,0,0,0,0,0,0,0,0,0,0,0,0,0,0,0,0,0,0,0,0,0,0,0,0,0,0,0,0,0,0,0,0,0,0,0,0,0,0,0,0,0,0,0,0,0,0,0,0,0,0,0,0,0,0,0,0,0,0,0,0,0,0,0,0,0,0,0,0,0,0,0,0,0,1,1,1,1,1,1,1,1,0,0,0,0,0,0,0,0,0,0,0,0,0,0,0,0,0,0,0,0,0,0,0,0,0,0,0,1
74250, ,Forest3075, , 人文與科技的對話,  ,2.0,605 39580,半年,袁孝維,2,"三6,7(博雅101)",300,本校修課人數上限：300人,兼通識A47*。。A47*:哲學與道德思考、物質科學領域。可充抵通識,    , ,博雅101,0,0,0,0,0,0,0,0,0,0,0,0,0,0,0,0,0,0,0,0,0,0,0,0,0,0,0,0,0,0,0,0,0,0,0,0,1,1,0,0,0,0,0,0,0,0,0,0,0,0,0,0,0,0,0,0,0,0,0,0,0,0,0,0,0,0,0,0,0,0,0,0,0,0,0,0,0,0,0,0,0,0,0,0,0,0,0,0,0,0,0,0,0,0,0,0,0,0,0,0,0,0,0,0,0,0,0,0,1,0,0,1,0
42635, ,BICD2041, , 營養教育與傳播,  ,2.0,610 22800,半年,洪泰雄,3,"三3,4(生傳402室)",80,本校修課人數上限：80人,兼通識A8*。。A8*:生命科學領域。可充抵通識,    , ,生傳402室,0,0,0,0,0,0,0,0,0,0,0,0,0,0,0,0,0,0,0,0,0,0,0,0,0,0,0,0,0,0,0,0,0,1,1,0,0,0,0,0,0,0,0,0,0,0,0,0,0,0,0,0,0,0,0,0,0,0,0,0,0,0,0,0,0,0,0,0,0,0,0,0,0,0,0,0,0,0,0,0,0,0,0,0,0,0,0,0,0,0,0,0,0,0,0,0,0,0,0,0,0,0,0,0,0,0,0,0,0,0,0,0,1
20506, ,Forest5035,01, 探索臺灣:自然環境與資源,  ,2.0,625EU1900,半年,袁孝維,2,"三8,9(博雅201)",75(含開放臺大系統人數:6),"限國際學生,本校修課人數上限：69人,外系人數限制：69人",本課程以英語授課。兼通識A7*。。A7*:物質科學領域。可充抵通識與施路易、謝志豪、劉奇璋、胡哲明、柯佳吟合授本課程英文化程度說明,    , ,博雅201,0,0,0,0,0,0,0,0,0,0,0,0,0,0,0,0,0,0,0,0,0,0,0,0,0,0,0,0,0,0,0,0,0,0,0,0,0,0,1,1,0,0,0,0,0,0,0,0,0,0,0,0,0,0,0,0,0,0,0,0,0,0,0,0,0,0,0,0,0,0,0,0,0,0,0,0,0,0,0,0,0,0,0,0,0,0,0,0,0,0,0,0,0,0,0,0,0,0,0,0,0,0,0,0,0,0,0,0,0,0,0,1,0
72560, ,Forest5035,02, 探索臺灣:自然環境與資源,  ,2.0,625EU1900,半年,袁孝維,2,"三8,9(請洽系所辦)  ",15,本校修課人數上限：15人,本課程以英語授課。與01班併班，在博雅201上課。兼通識A7*。。A7*:物質科學領域。可充抵通識與施路易、謝志豪、劉奇璋、胡哲明、柯佳吟合授本課程英文化程度說明,    , ,請洽系所辦,0,0,0,0,0,0,0,0,0,0,0,0,0,0,0,0,0,0,0,0,0,0,0,0,0,0,0,0,0,0,0,0,0,0,0,0,0,0,1,1,0,0,0,0,0,0,0,0,0,0,0,0,0,0,0,0,0,0,0,0,0,0,0,0,0,0,0,0,0,0,0,0,0,0,0,0,0,0,0,0,0,0,0,0,0,0,0,0,0,0,0,0,0,0,0,0,0,0,0,0,0,0,0,0,0,0,0,0,0,0,0,1,0
73015, ,Forest5071,01, 探索臺灣：自然資源保育與經營管理,  ,2.0,625EU2250,半年,劉奇璋,2,"四6,7(博雅201)",80(含開放臺大系統人數:20),"限國際學生,本校修課人數上限：60人,外系人數限制：55人",本課程以英語授課。兼通識A8*。。A8*:生命科學領域。可充抵通識與吳俊傑、李鴻源、袁孝維合授本課程英文化程度說明,    , ,博雅201,0,0,0,0,0,0,0,0,0,0,0,0,0,0,0,0,0,0,0,0,0,0,0,0,0,0,0,0,0,0,0,0,0,0,0,0,0,0,0,0,0,0,0,0,0,0,0,0,0,0,0,1,1,0,0,0,0,0,0,0,0,0,0,0,0,0,0,0,0,0,0,0,0,0,0,0,0,0,0,0,0,0,0,0,0,0,0,0,0,0,0,0,0,0,0,0,0,0,0,0,0,0,0,0,0,0,0,0,0,0,0,0,1
24336, ,Forest5071,02, 探索臺灣：自然資源保育與經營管理,  ,2.0,625EU2250,半年,劉奇璋,2,"四6,7(請洽系所辦)  ",20,"本校修課人數上限：20人,外系人數限制：10人",本課程以英語授課。與01班併班，在博雅201上課。兼通識A8*。。A8*:生命科學領域。可充抵通識與吳俊傑、李鴻源、袁孝維合授本課程英文化程度說明,    , ,請洽系所辦,0,0,0,0,0,0,0,0,0,0,0,0,0,0,0,0,0,0,0,0,0,0,0,0,0,0,0,0,0,0,0,0,0,0,0,0,0,0,0,0,0,0,0,0,0,0,0,0,0,0,0,1,1,0,0,0,0,0,0,0,0,0,0,0,0,0,0,0,0,0,0,0,0,0,0,0,0,0,0,0,0,0,0,0,0,0,0,0,0,0,0,0,0,0,0,0,0,0,0,0,0,0,0,0,0,0,0,0,0,0,0,0,1
28826, ,ENT5069, , 食用昆蟲學,  ,2.0,632EU1270,半年,薛馬坦,1,"五6,7(博雅202)",200(含開放臺大系統人數:40),本校修課人數上限：160人,本課程以英語授課。兼通識A8*。。A8*:生命科學領域。可充抵通識本課程英文化程度說明,    , ,博雅202,0,0,0,0,0,0,0,0,0,0,0,0,0,0,0,0,0,0,0,0,0,0,0,0,0,0,0,0,0,0,0,0,0,0,0,0,0,0,0,0,0,0,0,0,0,0,0,0,0,0,0,0,0,0,0,0,0,0,0,0,0,0,0,0,0,0,1,1,0,0,0,0,0,0,0,0,0,0,0,0,0,0,0,0,0,0,0,0,0,0,0,0,0,0,0,0,0,0,0,0,0,0,0,0,0,0,0,0,0,0,0,0,1
50129, ,FOOD1001, , 食品與健康,  ,2.0,641 10100,半年,沈立言,2,"二6,7(普101)",250(含開放臺大系統人數:6),本校修課人數上限：244人,"第一週缺席未到者，視為退選, 教師得予以擋修.兼通識A8*。。A8*:生命科學領域。可充抵通識與陳明汝、呂廷璋、羅翊禎、謝淑貞、陳宏彰、陳家揚合授",    , ,普101,0,0,0,0,0,0,0,0,0,0,0,0,0,0,0,0,0,0,0,0,0,1,1,0,0,0,0,0,0,0,0,0,0,0,0,0,0,0,0,0,0,0,0,0,0,0,0,0,0,0,0,0,0,0,0,0,0,0,0,0,0,0,0,0,0,0,0,0,0,0,0,0,0,0,0,0,0,0,0,0,0,0,0,0,0,0,0,0,0,0,0,0,0,0,0,0,0,0,0,0,0,0,0,0,0,0,0,0,0,0,0,0,1
25346, ,IM2011,01, 商管程式設計,  ,3.0,705 23600,半年,孔令傑,2,"一2,3,4(請洽系所辦)  ",400,"限社會科學院學生(含輔系、雙修生) 且 限文學院學生(含輔系、雙修生) 且 限法律學院學生(含輔系、雙修生),本校修課人數上限：400人","本課程中文授課,使用英文教科書。討論課擇一，請參考課程大綱。兼通識A6*。。A6*:量化分析與數學素養領域。可充抵通識與盧信銘合授",    , ,請洽系所辦,0,0,1,1,1,0,0,0,0,0,0,0,0,0,0,0,0,0,0,0,0,0,0,0,0,0,0,0,0,0,0,0,0,0,0,0,0,0,0,0,0,0,0,0,0,0,0,0,0,0,0,0,0,0,0,0,0,0,0,0,0,0,0,0,0,0,0,0,0,0,0,0,0,0,0,0,0,0,0,0,0,0,0,0,0,0,0,0,0,0,0,0,0,0,0,0,0,0,0,0,0,0,0,0,0,0,0,0,0,0,1,0,0
28470, ,IM2011,02, 商管程式設計,  ,3.0,705 23600,半年,孔令傑,2,"一2,3,4(博雅101)",270,"限管理學院學生(含輔系、雙修生),本校修課人數上限：270人","本課程中文授課,使用英文教科書。討論課擇一，請參考課程大綱。連線01班同步進行視訊上課。兼通識A6*。。A6*:量化分析與數學素養領域。可充抵通識與盧信銘合授",    , ,博雅101,0,0,1,1,1,0,0,0,0,0,0,0,0,0,0,0,0,0,0,0,0,0,0,0,0,0,0,0,0,0,0,0,0,0,0,0,0,0,0,0,0,0,0,0,0,0,0,0,0,0,0,0,0,0,0,0,0,0,0,0,0,0,0,0,0,0,0,0,0,0,0,0,0,0,0,0,0,0,0,0,0,0,0,0,0,0,0,0,0,0,0,0,0,0,0,0,0,0,0,0,0,0,0,0,0,0,0,0,0,0,1,0,0
21041, ,IM2011,03, 商管程式設計,  ,3.0,705 23600,半年,孔令傑,2,"一2,3,4(普101)",70(含開放臺大系統人數:50),"限管理學院學生(含輔系、雙修生),本校修課人數上限：20人","本課程中文授課,使用英文教科書。討論課擇一，請參考課程大綱。連線01班同步進行視訊上課。兼通識A6*。。A6*:量化分析與數學素養領域。可充抵通識與盧信銘合授",    , ,普101,0,0,1,1,1,0,0,0,0,0,0,0,0,0,0,0,0,0,0,0,0,0,0,0,0,0,0,0,0,0,0,0,0,0,0,0,0,0,0,0,0,0,0,0,0,0,0,0,0,0,0,0,0,0,0,0,0,0,0,0,0,0,0,0,0,0,0,0,0,0,0,0,0,0,0,0,0,0,0,0,0,0,0,0,0,0,0,0,0,0,0,0,0,0,0,0,0,0,0,0,0,0,0,0,0,0,0,0,0,0,1,0,0
15404, ,IM2011,04, 商管程式設計,  ,3.0,705 23600,半年,孔令傑,2,"一2,3,4(請洽系所辦)  ",100,"限生農學院學生(含輔系、雙修生) 且 限醫學院學生(含輔系、雙修生) 且 限公衛學院學生(含輔系、雙修生) 且 限生命科學院學生(含輔系、雙修生),本校修課人數上限：100人","本課程中文授課,使用英文教科書。討論課擇一，請參考課程大綱。連線01班同步進行視訊上課。兼通識A6*。。A6*:量化分析與數學素養領域。可充抵通識與盧信銘合授",    , ,請洽系所辦,0,0,1,1,1,0,0,0,0,0,0,0,0,0,0,0,0,0,0,0,0,0,0,0,0,0,0,0,0,0,0,0,0,0,0,0,0,0,0,0,0,0,0,0,0,0,0,0,0,0,0,0,0,0,0,0,0,0,0,0,0,0,0,0,0,0,0,0,0,0,0,0,0,0,0,0,0,0,0,0,0,0,0,0,0,0,0,0,0,0,0,0,0,0,0,0,0,0,0,0,0,0,0,0,0,0,0,0,0,0,1,0,0
36421, ,PH0016, , 食品安全與生活,  ,3.0,801 00150,半年,魏嘉徵,2,"一2,3,4(公衛211)",50,"本校修課人數上限：50人,外系人數限制：25人",A78:物質科學、生命科學與陳玟伶、王如邦合授,    , ,公衛211,0,0,1,1,1,0,0,0,0,0,0,0,0,0,0,0,0,0,0,0,0,0,0,0,0,0,0,0,0,0,0,0,0,0,0,0,0,0,0,0,0,0,0,0,0,0,0,0,0,0,0,0,0,0,0,0,0,0,0,0,0,0,0,0,0,0,0,0,0,0,0,0,0,0,0,0,0,0,0,0,0,0,0,0,0,0,0,0,0,0,0,0,0,0,0,0,0,0,0,0,0,0,0,0,0,0,0,0,0,0,0,1,1
11064, ,PH2015, , 環境基本原理,  ,2.0,801 25300,半年,王根樹,2,"四3,4(公衛211)",50,本校修課人數上限：50人,初選不開放。修課對象：公衛系以大一大二學生為主，外系限社會科學領域學生。兼通識A78*。。A78*:物質科學、生命科學領域。可充抵通識,    , ,公衛211,0,0,0,0,0,0,0,0,0,0,0,0,0,0,0,0,0,0,0,0,0,0,0,0,0,0,0,0,0,0,0,0,0,0,0,0,0,0,0,0,0,0,0,0,0,0,0,0,1,1,0,0,0,0,0,0,0,0,0,0,0,0,0,0,0,0,0,0,0,0,0,0,0,0,0,0,0,0,0,0,0,0,0,0,0,0,0,0,0,0,0,0,0,0,0,0,0,0,0,0,0,0,0,0,0,0,0,0,0,0,0,1,1
74433, ,PH3032, , 職業衛生,  ,2.0,801 36420,半年,楊孝友,3,"二6,7(公衛201)",55,"本校修課人數上限：55人,外系人數限制：10人",兼通識A58*。。A58*:公民意識與社會分析、生命科學領域。可充抵通識與吳章甫、陳佳合授,    , ,公衛201,0,0,0,0,0,0,0,0,0,0,0,0,0,0,0,0,0,0,0,0,0,1,1,0,0,0,0,0,0,0,0,0,0,0,0,0,0,0,0,0,0,0,0,0,0,0,0,0,0,0,0,0,0,0,0,0,0,0,0,0,0,0,0,0,0,0,0,0,0,0,0,0,0,0,0,0,0,0,0,0,0,0,0,0,0,0,0,0,0,0,0,0,0,0,0,0,0,0,0,0,0,0,0,0,0,0,0,0,0,1,0,0,1
58927, ,PH3040, , 全球衛生,  ,3.0,801E38100,半年,李婉甄,2,"一6,7,8(公衛201)",50(含開放臺大系統人數:10),本校修課人數上限：40人,本課程以英語授課。邀訪講賓：吳靜如、彭逸如。兼通識A58*。。A58*:公民意識與社會分析、生命科學領域。可充抵通識與劉凱利、張弘潔、程蘊菁、林先和、張書森、官晨怡、傅美蓁、蔡詩偉、蔡坤憲、楊孝友、楊瑞玉合授本課程英文化程度說明,    , ,公衛201,0,0,0,0,0,0,1,1,1,0,0,0,0,0,0,0,0,0,0,0,0,0,0,0,0,0,0,0,0,0,0,0,0,0,0,0,0,0,0,0,0,0,0,0,0,0,0,0,0,0,0,0,0,0,0,0,0,0,0,0,0,0,0,0,0,0,0,0,0,0,0,0,0,0,0,0,0,0,0,0,0,0,0,0,0,0,0,0,0,0,0,0,0,0,0,0,0,0,0,0,0,0,0,0,0,0,0,0,0,1,0,0,1
67204, ,HPM5005, , 社會與健康導論,  ,2.0,848 U1050,半年,江東亮,2,"二6,7(公衛601B)",24,"本校修課人數上限：24人,外系人數限制：10人",兼通識A5*。。A5*:公民意識與社會分析領域。可充抵通識與張弘潔合授,    , ,公衛601B,0,0,0,0,0,0,0,0,0,0,0,0,0,0,0,0,0,0,0,0,0,1,1,0,0,0,0,0,0,0,0,0,0,0,0,0,0,0,0,0,0,0,0,0,0,0,0,0,0,0,0,0,0,0,0,0,0,0,0,0,0,0,0,0,0,0,0,0,0,0,0,0,0,0,0,0,0,0,0,0,0,0,0,0,0,0,0,0,0,0,0,0,0,0,0,0,0,0,0,0,0,0,0,0,0,0,0,0,0,1,0,0,0
42492, ,HPM5024, , 健康政策、倫理與政治,  ,2.0,848 U1170,半年,葉明叡,2,"四6,7(公衛601)",25,"本校修課人數上限：25人,外系人數限制：10人",A45:哲學與道德思考、公民意識與社會分析,   , ,公衛601,0,0,0,0,0,0,0,0,0,0,0,0,0,0,0,0,0,0,0,0,0,0,0,0,0,0,0,0,0,0,0,0,0,0,0,0,0,0,0,0,0,0,0,0,0,0,0,0,0,0,0,1,1,0,0,0,0,0,0,0,0,0,0,0,0,0,0,0,0,0,0,0,0,0,0,0,0,0,0,0,0,0,0,0,0,0,0,0,0,0,0,0,0,0,0,0,0,0,0,0,0,0,0,0,0,0,0,0,1,1,0,0,0
54351, ,EE3025, , 科學研究與學術生涯,  ,3.0,901E30100,半年,鍾孝文,2,"五2,3,4(電二145)",60,本校修課人數上限：60人,本課程以英語授課。。A67:量化分析與數學素養、物質科學本課程英文化程度說明,   , ,電二145,0,0,0,0,0,0,0,0,0,0,0,0,0,0,0,0,0,0,0,0,0,0,0,0,0,0,0,0,0,0,0,0,0,0,0,0,0,0,0,0,0,0,0,0,0,0,0,0,0,0,0,0,0,0,0,0,0,0,0,0,0,0,1,1,1,0,0,0,0,0,0,0,0,0,0,0,0,0,0,0,0,0,0,0,0,0,0,0,0,0,0,0,0,0,0,0,0,0,0,0,0,0,0,0,0,0,0,0,0,0,1,1,0
56410, ,EE3031, , 計算機程式設計,  ,3.0,901 33920,半年,黃俊郎,2,"五2,3,4(請洽系所辦)  ",52,本校修課人數上限：52人,上課地點:計中212。。A6:量化分析與數學素養,    , ,請洽系所辦,0,0,0,0,0,0,0,0,0,0,0,0,0,0,0,0,0,0,0,0,0,0,0,0,0,0,0,0,0,0,0,0,0,0,0,0,0,0,0,0,0,0,0,0,0,0,0,0,0,0,0,0,0,0,0,0,0,0,0,0,0,0,1,1,1,0,0,0,0,0,0,0,0,0,0,0,0,0,0,0,0,0,0,0,0,0,0,0,0,0,0,0,0,0,0,0,0,0,0,0,0,0,0,0,0,0,0,0,0,0,1,0,0
25539, ,EE3041, , 台灣資通訊技術的發展,  ,2.0,901E33980,半年,林致廷,2,"三3,4(電二144)",50,本校修課人數上限：50人,本課程以英語授課。。A7:物質科學本課程英文化程度說明,    , ,電二144,0,0,0,0,0,0,0,0,0,0,0,0,0,0,0,0,0,0,0,0,0,0,0,0,0,0,0,0,0,0,0,0,0,1,1,0,0,0,0,0,0,0,0,0,0,0,0,0,0,0,0,0,0,0,0,0,0,0,0,0,0,0,0,0,0,0,0,0,0,0,0,0,0,0,0,0,0,0,0,0,0,0,0,0,0,0,0,0,0,0,0,0,0,0,0,0,0,0,0,0,0,0,0,0,0,0,0,0,0,0,0,1,0
26375, ,EE3042, , 生活中的電波,  ,2.0,901 33990,半年,鄭宇翔,2,"二8,9(電二145)",50,本校修課人數上限：50人,A7:物質科學,    , ,電二145,0,0,0,0,0,0,0,0,0,0,0,0,0,0,0,0,0,0,0,0,0,0,0,1,1,0,0,0,0,0,0,0,0,0,0,0,0,0,0,0,0,0,0,0,0,0,0,0,0,0,0,0,0,0,0,0,0,0,0,0,0,0,0,0,0,0,0,0,0,0,0,0,0,0,0,0,0,0,0,0,0,0,0,0,0,0,0,0,0,0,0,0,0,0,0,0,0,0,0,0,0,0,0,0,0,0,0,0,0,0,0,1,0
62274, ,CSIE1923,01, 現代科學與心靈科學,  ,3.0,902 48080,半年,歐陽彥正,2,"五6,7,8(普103)",100,本校修課人數上限：100人,兼通識A4*。。A4*:哲學與道德思考領域。可充抵通識,    , ,普103,0,0,0,0,0,0,0,0,0,0,0,0,0,0,0,0,0,0,0,0,0,0,0,0,0,0,0,0,0,0,0,0,0,0,0,0,0,0,0,0,0,0,0,0,0,0,0,0,0,0,0,0,0,0,0,0,0,0,0,0,0,0,0,0,0,0,1,1,1,0,0,0,0,0,0,0,0,0,0,0,0,0,0,0,0,0,0,0,0,0,0,0,0,0,0,0,0,0,0,0,0,0,0,0,0,0,0,0,1,0,0,0,0
62321, ,CSIE1923,02, 現代科學與心靈科學,  ,3.0,902 48080,半年,歐陽彥正,2,"四6,7,8(共101)",100,本校修課人數上限：100人,兼通識A4*。。A4*:哲學與道德思考領域。可充抵通識,    , ,共101,0,0,0,0,0,0,0,0,0,0,0,0,0,0,0,0,0,0,0,0,0,0,0,0,0,0,0,0,0,0,0,0,0,0,0,0,0,0,0,0,0,0,0,0,0,0,0,0,0,0,0,1,1,1,0,0,0,0,0,0,0,0,0,0,0,0,0,0,0,0,0,0,0,0,0,0,0,0,0,0,0,0,0,0,0,0,0,0,0,0,0,0,0,0,0,0,0,0,0,0,0,0,0,0,0,0,0,0,1,0,0,0,0
78134, ,CSIE5025, , 歷史研究數位人文資源的介紹與實作,  ,3.0,922 U4670,半年,項潔,3,"四7,8,9(資101)",80(含開放臺大系統人數:20),"本校修課人數上限：60人,外系人數限制：60人",兼通識A26*。。A26*:歷史思維、量化分析與數學素養領域。可充抵通識,   , ,資101,0,0,0,0,0,0,0,0,0,0,0,0,0,0,0,0,0,0,0,0,0,0,0,0,0,0,0,0,0,0,0,0,0,0,0,0,0,0,0,0,0,0,0,0,0,0,0,0,0,0,0,0,1,1,1,0,0,0,0,0,0,0,0,0,0,0,0,0,0,0,0,0,0,0,0,0,0,0,0,0,0,0,0,0,0,0,0,0,0,0,0,0,0,0,0,0,0,0,0,0,0,0,0,0,0,0,1,0,0,0,1,0,0
32587, ,Data5002, , 行動式雲端服務應用設計,  ,3.0,946 U0020,半年,葉宏謨,3,"三6,7,8(共301)",30,本校修課人數上限：30人,實習課程。限非電資院學生選修。需自備筆電實作。。A7:物質科學,    , ,共301,0,0,0,0,0,0,0,0,0,0,0,0,0,0,0,0,0,0,0,0,0,0,0,0,0,0,0,0,0,0,0,0,0,0,0,0,1,1,1,0,0,0,0,0,0,0,0,0,0,0,0,0,0,0,0,0,0,0,0,0,0,0,0,0,0,0,0,0,0,0,0,0,0,0,0,0,0,0,0,0,0,0,0,0,0,0,0,0,0,0,0,0,0,0,0,0,0,0,0,0,0,0,0,0,0,0,0,0,0,0,0,1,0
84557, ,Data5006,01, Python程式設計,  ,3.0,946 U0060,半年,林澤佑,2,"一8,9,10(新204)",60,本校修課人數上限：60人,實習課程。限非電資學院學生選修。總人數60人。需自備電腦實作。。A6:量化分析與數學素養,    , ,新204,0,0,0,0,0,0,0,0,1,1,1,0,0,0,0,0,0,0,0,0,0,0,0,0,0,0,0,0,0,0,0,0,0,0,0,0,0,0,0,0,0,0,0,0,0,0,0,0,0,0,0,0,0,0,0,0,0,0,0,0,0,0,0,0,0,0,0,0,0,0,0,0,0,0,0,0,0,0,0,0,0,0,0,0,0,0,0,0,0,0,0,0,0,0,0,0,0,0,0,0,0,0,0,0,0,0,0,0,0,0,1,0,0
30101, ,Data5006,02, Python程式設計,  ,3.0,946 U0060,半年,林澤佑,2,"二8,9,10(新302)",60,本校修課人數上限：60人,實習課程。限非電資學院學生選修。總人數60人。需自備電腦實作。。A6:量化分析與數學素養,    , ,新302,0,0,0,0,0,0,0,0,0,0,0,0,0,0,0,0,0,0,0,0,0,0,0,1,1,1,0,0,0,0,0,0,0,0,0,0,0,0,0,0,0,0,0,0,0,0,0,0,0,0,0,0,0,0,0,0,0,0,0,0,0,0,0,0,0,0,0,0,0,0,0,0,0,0,0,0,0,0,0,0,0,0,0,0,0,0,0,0,0,0,0,0,0,0,0,0,0,0,0,0,0,0,0,0,0,0,0,0,0,0,1,0,0
75789, ,Data5006,03, Python程式設計,  ,3.0,946 U0060,半年,林澤佑,3,"四8,9,10(博雅302)",60,本校修課人數上限：60人,實習課程。限非電資學院學生選修。總人數60人。需自備電腦實作。。A6:量化分析與數學素養,    , ,博雅302,0,0,0,0,0,0,0,0,0,0,0,0,0,0,0,0,0,0,0,0,0,0,0,0,0,0,0,0,0,0,0,0,0,0,0,0,0,0,0,0,0,0,0,0,0,0,0,0,0,0,0,0,0,1,1,1,0,0,0,0,0,0,0,0,0,0,0,0,0,0,0,0,0,0,0,0,0,0,0,0,0,0,0,0,0,0,0,0,0,0,0,0,0,0,0,0,0,0,0,0,0,0,0,0,0,0,0,0,0,0,1,0,0
63808, ,LAW1050, , 法學緒論,  ,3.0,A01 11110,半年,陳昭如,2,"二7,8,9(請洽系所辦)  ",100,"限學士班一年級 且 限本系所學生(含輔系、雙修生),本校修課人數上限：100人,外系人數限制：10人",法律系大二以上不得選修，但第一年轉系、轉學生不在此限。兼通識A5*。。A5*:公民意識與社會分析領域。可充抵通識,    , ,請洽系所辦,0,0,0,0,0,0,0,0,0,0,0,0,0,0,0,0,0,0,0,0,0,0,1,1,1,0,0,0,0,0,0,0,0,0,0,0,0,0,0,0,0,0,0,0,0,0,0,0,0,0,0,0,0,0,0,0,0,0,0,0,0,0,0,0,0,0,0,0,0,0,0,0,0,0,0,0,0,0,0,0,0,0,0,0,0,0,0,0,0,0,0,0,0,0,0,0,0,0,0,0,0,0,0,0,0,0,0,0,0,1,0,0,0
86365, ,LS1006,01, 普通生物學乙,  ,4.0,B01 101B0,半年,閔明源,3,"二6,7(綜301)四3,4(綜301)",60(含開放臺大系統人數:2),"本校修課人數上限：58人,外系人數限制：10人",兼通識A8*。。A8*:生命科學領域。可充抵通識與陳瑞芬、吳克強、何傳愷合授,    , ,綜301,0,0,0,0,0,0,0,0,0,0,0,0,0,0,0,0,0,0,0,0,0,1,1,0,0,0,0,0,0,0,0,0,0,0,0,0,0,0,0,0,0,0,0,0,0,0,0,0,1,1,0,0,0,0,0,0,0,0,0,0,0,0,0,0,0,0,0,0,0,0,0,0,0,0,0,0,0,0,0,0,0,0,0,0,0,0,0,0,0,0,0,0,0,0,0,0,0,0,0,0,0,0,0,0,0,0,0,0,0,0,0,0,1
21149, ,LS1009,02, 普通生物學丙,  ,3.0,B01 101C0,半年,黃偉邦,3,"三6,7(新303)四7(新303)",141(含開放臺大系統人數:10),本校修課人數上限：131人,兼通識A8*。。A8*:生命科學領域。可充抵通識與陳賢明、黃筱鈞、蔡皇龍合授,    , ,新303,0,0,0,0,0,0,0,0,0,0,0,0,0,0,0,0,0,0,0,0,0,0,0,0,0,0,0,0,0,0,0,0,0,0,0,0,1,1,0,0,0,0,0,0,0,0,0,0,0,0,0,0,1,0,0,0,0,0,0,0,0,0,0,0,0,0,0,0,0,0,0,0,0,0,0,0,0,0,0,0,0,0,0,0,0,0,0,0,0,0,0,0,0,0,0,0,0,0,0,0,0,0,0,0,0,0,0,0,0,0,0,0,1
72583, ,LS1034, , 現代生物學之應用,  ,2.0,B01 17030,半年,朱家瑩,3,"一8,9(博雅103)",180,本校修課人數上限：180人,開放國北教學生修課8名。。A8:生命科學與陳俊宏、李心予、黃偉邦合授,    , ,博雅103,0,0,0,0,0,0,0,0,1,1,0,0,0,0,0,0,0,0,0,0,0,0,0,0,0,0,0,0,0,0,0,0,0,0,0,0,0,0,0,0,0,0,0,0,0,0,0,0,0,0,0,0,0,0,0,0,0,0,0,0,0,0,0,0,0,0,0,0,0,0,0,0,0,0,0,0,0,0,0,0,0,0,0,0,0,0,0,0,0,0,0,0,0,0,0,0,0,0,0,0,0,0,0,0,0,0,0,0,0,0,0,0,1
67901, ,BST1006,02, 食品營養概論,  ,2.0,B02 11010,半年,林甫容,3,"四6,7(普103)",300,本校修課人數上限：300人,保健營養學程核心課程。兼通識A8*。。A8*:生命科學領域。可充抵通識與黃青真合授,    , ,普103,0,0,0,0,0,0,0,0,0,0,0,0,0,0,0,0,0,0,0,0,0,0,0,0,0,0,0,0,0,0,0,0,0,0,0,0,0,0,0,0,0,0,0,0,0,0,0,0,0,0,0,1,1,0,0,0,0,0,0,0,0,0,0,0,0,0,0,0,0,0,0,0,0,0,0,0,0,0,0,0,0,0,0,0,0,0,0,0,0,0,0,0,0,0,0,0,0,0,0,0,0,0,0,0,0,0,0,0,0,0,0,0,1
54186, ,BST1006,03, 食品營養概論,  ,2.0,B02E11010,半年,林璧鳳,3,"二3,4(農化一第六)",42,本校修課人數上限：42人,本課程以英語授課。開學第一週必修出席，不予停修。需買教科書，才能上網完成作業。兼通識A8*。。A8*:生命科學領域。可充抵通識與謝佳倩合授本課程英文化程度說明,   , ,農化一第六,0,0,0,0,0,0,0,0,0,0,0,0,0,0,0,0,0,0,1,1,0,0,0,0,0,0,0,0,0,0,0,0,0,0,0,0,0,0,0,0,0,0,0,0,0,0,0,0,0,0,0,0,0,0,0,0,0,0,0,0,0,0,0,0,0,0,0,0,0,0,0,0,0,0,0,0,0,0,0,0,0,0,0,0,0,0,0,0,0,0,0,0,0,0,0,0,0,0,0,0,0,0,0,0,0,0,0,0,0,0,0,0,1
63295, ,BST1009, , 探索臺灣：農業與食品生技,  ,2.0,B02E11080,半年,林璧鳳,3,"五6,7(共101)",90,本校修課人數上限：90人,本課程以英語授課。初選限外籍生。。A8:生命科學與賴喜美、李國譚、林書妍、鄭光成、李昆達、楊啟伸、何佳安、吳克強、陳賢明合授本課程英文化程度說明,   , ,共101,0,0,0,0,0,0,0,0,0,0,0,0,0,0,0,0,0,0,0,0,0,0,0,0,0,0,0,0,0,0,0,0,0,0,0,0,0,0,0,0,0,0,0,0,0,0,0,0,0,0,0,0,0,0,0,0,0,0,0,0,0,0,0,0,0,0,1,1,0,0,0,0,0,0,0,0,0,0,0,0,0,0,0,0,0,0,0,0,0,0,0,0,0,0,0,0,0,0,0,0,0,0,0,0,0,0,0,0,0,0,0,0,1
18338, ,BST2006, , 微生物學上,  ,2.0,B02 20301,全年,黃慶璨,3,"三3,4(新204)",90(含開放臺大系統人數:12),本校修課人數上限：78人,兼通識A8*。。A8*:生命科學領域。可充抵通識與楊啟伸、張麗冠、陳進庭、林晉玄、吳承合授,    , ,新204,0,0,0,0,0,0,0,0,0,0,0,0,0,0,0,0,0,0,0,0,0,0,0,0,0,0,0,0,0,0,0,0,0,1,1,0,0,0,0,0,0,0,0,0,0,0,0,0,0,0,0,0,0,0,0,0,0,0,0,0,0,0,0,0,0,0,0,0,0,0,0,0,0,0,0,0,0,0,0,0,0,0,0,0,0,0,0,0,0,0,0,0,0,0,0,0,0,0,0,0,0,0,0,0,0,0,0,0,0,0,0,0,1
49140, ,LibEdu1020, , 鋼琴作品與演奏欣賞,  ,2.0,H01 02000,半年,張欽全,2,"四8,9(外教劇場)",130,本校修課人數上限：130人,A1:文學與藝術,    , ,外教劇場,0,0,0,0,0,0,0,0,0,0,0,0,0,0,0,0,0,0,0,0,0,0,0,0,0,0,0,0,0,0,0,0,0,0,0,0,0,0,0,0,0,0,0,0,0,0,0,0,0,0,0,0,0,1,1,0,0,0,0,0,0,0,0,0,0,0,0,0,0,0,0,0,0,0,0,0,0,0,0,0,0,0,0,0,0,0,0,0,0,0,0,0,0,0,0,0,0,0,0,0,0,0,0,0,0,1,0,0,0,0,0,0,0
45345, ,LibEdu1021, , 邏輯,  ,2.0,H01 02100,半年,傅皓政,3,"一6,7(博雅103)",270,本校修課人數上限：270人,開放國北教4名。。A4:哲學與道德思考,    , ,博雅103,0,0,0,0,0,0,1,1,0,0,0,0,0,0,0,0,0,0,0,0,0,0,0,0,0,0,0,0,0,0,0,0,0,0,0,0,0,0,0,0,0,0,0,0,0,0,0,0,0,0,0,0,0,0,0,0,0,0,0,0,0,0,0,0,0,0,0,0,0,0,0,0,0,0,0,0,0,0,0,0,0,0,0,0,0,0,0,0,0,0,0,0,0,0,0,0,0,0,0,0,0,0,0,0,0,0,0,0,1,0,0,0,0
70318, ,LibEdu1026, , 希伯來經典與世界文明,  ,3.0,H01 02600,半年,曾宗盛,2,"三8,9,10(普303)",50,本校修課人數上限：50人,開放25名於開學後加簽。選上本課程者第一週務必出席，否則逕予強制刪除選課。開放國北教8名。。A23:歷史思維、世界文明,   , ,普303,0,0,0,0,0,0,0,0,0,0,0,0,0,0,0,0,0,0,0,0,0,0,0,0,0,0,0,0,0,0,0,0,0,0,0,0,0,0,1,1,1,0,0,0,0,0,0,0,0,0,0,0,0,0,0,0,0,0,0,0,0,0,0,0,0,0,0,0,0,0,0,0,0,0,0,0,0,0,0,0,0,0,0,0,0,0,0,0,0,0,0,0,0,0,0,0,0,0,0,0,0,0,0,0,0,0,1,1,0,0,0,0,0
47572, ,LibEdu1042, , 歐洲啟蒙運動中的政治與社會性,  ,2.0,H01E03000,半年,陳禹仲,3,"一3,4(新403)",40(含開放臺大系統人數:4),本校修課人數上限：36人,本課程以英語授課。另開放10名於開學後加簽。。A35:世界文明、公民意識與社會分析本課程英文化程度說明,    , ,新403,0,0,0,1,1,0,0,0,0,0,0,0,0,0,0,0,0,0,0,0,0,0,0,0,0,0,0,0,0,0,0,0,0,0,0,0,0,0,0,0,0,0,0,0,0,0,0,0,0,0,0,0,0,0,0,0,0,0,0,0,0,0,0,0,0,0,0,0,0,0,0,0,0,0,0,0,0,0,0,0,0,0,0,0,0,0,0,0,0,0,0,0,0,0,0,0,0,0,0,0,0,0,0,0,0,0,0,1,0,1,0,0,0
61741, ,LibEdu1039, , 休閒與生命教育,  ,3.0,H01 03900,半年,姜義村,2,"三7,8,9(綜603)",50,本校修課人數上限：50人,初選不開放。選上課程及欲加簽者第一週務必準時出席完整上課，否則強制刪除選課及不予加選。。A4:哲學與道德思考,    , ,綜603,0,0,0,0,0,0,0,0,0,0,0,0,0,0,0,0,0,0,0,0,0,0,0,0,0,0,0,0,0,0,0,0,0,0,0,0,0,1,1,1,0,0,0,0,0,0,0,0,0,0,0,0,0,0,0,0,0,0,0,0,0,0,0,0,0,0,0,0,0,0,0,0,0,0,0,0,0,0,0,0,0,0,0,0,0,0,0,0,0,0,0,0,0,0,0,0,0,0,0,0,0,0,0,0,0,0,0,0,1,0,0,0,0
78325, ,LibEdu1040, , 古代基督教歷史與文化,  ,3.0,H01 04000,半年,鄭仰恩,2,"一8,9,10(普103)",100,本校修課人數上限：100人,開學第一週後若有空出名額開放加簽。選上本課程者第一週務必出席，否則逕予強制刪除選課。。A3:世界文明,    , ,普103,0,0,0,0,0,0,0,0,1,1,1,0,0,0,0,0,0,0,0,0,0,0,0,0,0,0,0,0,0,0,0,0,0,0,0,0,0,0,0,0,0,0,0,0,0,0,0,0,0,0,0,0,0,0,0,0,0,0,0,0,0,0,0,0,0,0,0,0,0,0,0,0,0,0,0,0,0,0,0,0,0,0,0,0,0,0,0,0,0,0,0,0,0,0,0,0,0,0,0,0,0,0,0,0,0,0,0,1,0,0,0,0,0
51342, ,LibEdu1050, , 探索臺灣:臺灣電影與臺灣社會,  ,2.0,H01E05000,半年,郭任峯,2,"一8,9(博雅102)",110(含開放臺大系統人數:6),本校修課人數上限：104人,本課程以英語授課。開放國北教3名臺藝大3名。A5:公民意識與社會分析本課程英文化程度說明,    , ,博雅102,0,0,0,0,0,0,0,0,1,1,0,0,0,0,0,0,0,0,0,0,0,0,0,0,0,0,0,0,0,0,0,0,0,0,0,0,0,0,0,0,0,0,0,0,0,0,0,0,0,0,0,0,0,0,0,0,0,0,0,0,0,0,0,0,0,0,0,0,0,0,0,0,0,0,0,0,0,0,0,0,0,0,0,0,0,0,0,0,0,0,0,0,0,0,0,0,0,0,0,0,0,0,0,0,0,0,0,0,0,1,0,0,0
60811, ,LibEdu1067, , 你所不知道的昆蟲學,  ,3.0,H01E06700,半年,曹順成,3,"一3,4,5(新505)",30,本校修課人數上限：30人,本課程以英語授課。不加簽第一二週未到者，不接受停修，每堂課點名，兩次遲到十分鐘與無故未到者不及格論。A8:生命科學本課程英文化程度說明,    , ,新505,0,0,0,1,1,1,0,0,0,0,0,0,0,0,0,0,0,0,0,0,0,0,0,0,0,0,0,0,0,0,0,0,0,0,0,0,0,0,0,0,0,0,0,0,0,0,0,0,0,0,0,0,0,0,0,0,0,0,0,0,0,0,0,0,0,0,0,0,0,0,0,0,0,0,0,0,0,0,0,0,0,0,0,0,0,0,0,0,0,0,0,0,0,0,0,0,0,0,0,0,0,0,0,0,0,0,0,0,0,0,0,0,1
54375, ,LibEdu1069, , 戲說生物學,  ,2.0,H01E06900,半年,曹順成,3,"二3,4(新302)",70,本校修課人數上限：70人,本課程以英語授課。不加簽第一二週未到者，不接受停修，每堂課點名，兩次遲到十分鐘與無故未到者不及格論。A8:生命科學本課程英文化程度說明,    , ,新302,0,0,0,0,0,0,0,0,0,0,0,0,0,0,0,0,0,0,1,1,0,0,0,0,0,0,0,0,0,0,0,0,0,0,0,0,0,0,0,0,0,0,0,0,0,0,0,0,0,0,0,0,0,0,0,0,0,0,0,0,0,0,0,0,0,0,0,0,0,0,0,0,0,0,0,0,0,0,0,0,0,0,0,0,0,0,0,0,0,0,0,0,0,0,0,0,0,0,0,0,0,0,0,0,0,0,0,0,0,0,0,0,1
66254, ,LibEdu1078, , 探索臺灣：女性與臺灣社會,  ,2.0,H01E07800,半年,郭任峯,2,"一3,4(博雅302)",110(含開放臺大系統人數:6),本校修課人數上限：104人,本課程以英語授課。開放國北教3名臺藝大3名。A5:公民意識與社會分析本課程英文化程度說明,    , ,博雅302,0,0,0,1,1,0,0,0,0,0,0,0,0,0,0,0,0,0,0,0,0,0,0,0,0,0,0,0,0,0,0,0,0,0,0,0,0,0,0,0,0,0,0,0,0,0,0,0,0,0,0,0,0,0,0,0,0,0,0,0,0,0,0,0,0,0,0,0,0,0,0,0,0,0,0,0,0,0,0,0,0,0,0,0,0,0,0,0,0,0,0,0,0,0,0,0,0,0,0,0,0,0,0,0,0,0,0,0,0,1,0,0,0
45939, ,LibEdu1088, , 改變歷史的生物 (一),  ,2.0,H01E08800,半年,曹順成,3,"二7,8(新401)",30,本校修課人數上限：30人,本課程以英語授課。不加簽第一二週未到者，不接受停修，每堂課點名，兩次遲到十分鐘與無故未到者不及格論。A8:生命科學本課程英文化程度說明,    , ,新401,0,0,0,0,0,0,0,0,0,0,0,0,0,0,0,0,0,0,0,0,0,0,1,1,0,0,0,0,0,0,0,0,0,0,0,0,0,0,0,0,0,0,0,0,0,0,0,0,0,0,0,0,0,0,0,0,0,0,0,0,0,0,0,0,0,0,0,0,0,0,0,0,0,0,0,0,0,0,0,0,0,0,0,0,0,0,0,0,0,0,0,0,0,0,0,0,0,0,0,0,0,0,0,0,0,0,0,0,0,0,0,0,1
25812, ,LibEdu1091, , 文化創意與品牌建立途徑與實務,  ,1.0,H01 09100,半年,陳郁秀,3,"第1,2,3,4,5,6,7,8,9                           週三3,4(新501)",40,本校修課人數上限：40人,密集課程。。A1:文學與藝術,   , ,新501,0,0,0,0,0,0,0,0,0,0,0,0,0,0,0,0,0,0,0,0,0,0,0,0,0,0,0,0,0,0,0,0,0,1,1,0,0,0,0,0,0,0,0,0,0,0,0,0,0,0,0,0,0,0,0,0,0,0,0,0,0,0,0,0,0,0,0,0,0,0,0,0,0,0,0,0,0,0,0,0,0,0,0,0,0,0,0,0,0,0,0,0,0,0,0,0,0,0,0,0,0,0,0,0,0,1,0,0,0,0,0,0,0
17895, ,LibEdu1093, , 心靈洞察與發現熱情,  ,3.0,H01 09300,半年,錢玉芬,2,"二7,8,9(新202)",60,本校修課人數上限：60人,初選不開放。要修本課程者第一週務必出席，其他時間不予加簽。。A4:哲學與道德思考,    , ,新202,0,0,0,0,0,0,0,0,0,0,0,0,0,0,0,0,0,0,0,0,0,0,1,1,1,0,0,0,0,0,0,0,0,0,0,0,0,0,0,0,0,0,0,0,0,0,0,0,0,0,0,0,0,0,0,0,0,0,0,0,0,0,0,0,0,0,0,0,0,0,0,0,0,0,0,0,0,0,0,0,0,0,0,0,0,0,0,0,0,0,0,0,0,0,0,0,0,0,0,0,0,0,0,0,0,0,0,0,1,0,0,0,0
69290, ,LibEdu1096, , 剖析愛情,  ,1.0,H01 09600,半年,陳永儀,3,"第1,4,5,6,7,8,9,10,11                         週二6,7(新404)",30,本校修課人數上限：30人,密集課程。選上本課程者第一週務必出席，否則逕予強制刪除選課。中文授課（PPT部分英語）。A58:公民意識與社會分析、生命科學,    , ,新404,0,0,0,0,0,0,0,0,0,0,0,0,0,0,0,0,0,0,0,0,0,1,1,0,0,0,0,0,0,0,0,0,0,0,0,0,0,0,0,0,0,0,0,0,0,0,0,0,0,0,0,0,0,0,0,0,0,0,0,0,0,0,0,0,0,0,0,0,0,0,0,0,0,0,0,0,0,0,0,0,0,0,0,0,0,0,0,0,0,0,0,0,0,0,0,0,0,0,0,0,0,0,0,0,0,0,0,0,0,1,0,0,1
25477, ,LibEdu1098, , 國會與憲政民主,  ,2.0,H01 09800,半年,劉有��,2,"二6,7(共101)",100(含開放臺大系統人數:6),本校修課人數上限：94人,開放國北教2名臺藝大2名。。A5:公民意識與社會分析,    , ,共101,0,0,0,0,0,0,0,0,0,0,0,0,0,0,0,0,0,0,0,0,0,1,1,0,0,0,0,0,0,0,0,0,0,0,0,0,0,0,0,0,0,0,0,0,0,0,0,0,0,0,0,0,0,0,0,0,0,0,0,0,0,0,0,0,0,0,0,0,0,0,0,0,0,0,0,0,0,0,0,0,0,0,0,0,0,0,0,0,0,0,0,0,0,0,0,0,0,0,0,0,0,0,0,0,0,0,0,0,0,1,0,0,0
36605, ,LibEdu1099, , 議事學,  ,2.0,H01 09900,半年,劉有��,2,"二8,9(共204)",80(含開放臺大系統人數:6),本校修課人數上限：74人,開放國北教2名臺藝大2名。。A5:公民意識與社會分析,    , ,共204,0,0,0,0,0,0,0,0,0,0,0,0,0,0,0,0,0,0,0,0,0,0,0,1,1,0,0,0,0,0,0,0,0,0,0,0,0,0,0,0,0,0,0,0,0,0,0,0,0,0,0,0,0,0,0,0,0,0,0,0,0,0,0,0,0,0,0,0,0,0,0,0,0,0,0,0,0,0,0,0,0,0,0,0,0,0,0,0,0,0,0,0,0,0,0,0,0,0,0,0,0,0,0,0,0,0,0,0,0,1,0,0,0
24080, ,LibEdu1102,01, 活出快樂:科學實證與演練,  ,3.0,H01E10400,半年,戴可馨,2,"四3,4,5(綜403)",53,本校修課人數上限：53人,初選不開放。本課程以英語授課。欲加選者，請務必第一週出席課程。。A48:哲學與道德思考、生命科學本課程英文化程度說明,    , ,綜403,0,0,0,0,0,0,0,0,0,0,0,0,0,0,0,0,0,0,0,0,0,0,0,0,0,0,0,0,0,0,0,0,0,0,0,0,0,0,0,0,0,0,0,0,0,0,0,0,1,1,1,0,0,0,0,0,0,0,0,0,0,0,0,0,0,0,0,0,0,0,0,0,0,0,0,0,0,0,0,0,0,0,0,0,0,0,0,0,0,0,0,0,0,0,0,0,0,0,0,0,0,0,0,0,0,0,0,0,1,0,0,0,1
37963, ,LibEdu1102,02, 活出快樂:科學實證與演練,  ,3.0,H01E10400,半年,戴可馨,2,"四7,8,9(綜403)",53,本校修課人數上限：53人,初選不開放。本課程以英語授課。欲加選者，請務必第一週出席課程。。A48:哲學與道德思考、生命科學本課程英文化程度說明,    , ,綜403,0,0,0,0,0,0,0,0,0,0,0,0,0,0,0,0,0,0,0,0,0,0,0,0,0,0,0,0,0,0,0,0,0,0,0,0,0,0,0,0,0,0,0,0,0,0,0,0,0,0,0,0,1,1,1,0,0,0,0,0,0,0,0,0,0,0,0,0,0,0,0,0,0,0,0,0,0,0,0,0,0,0,0,0,0,0,0,0,0,0,0,0,0,0,0,0,0,0,0,0,0,0,0,0,0,0,0,0,1,0,0,0,1
74237, ,LibEdu1102,03, 活出快樂:科學實證與演練,  ,3.0,H01E10400,半年,戴可馨,3,"四3,4,5(請洽系所辦)  ",200,本校修課人數上限：200人,本課程以英語授課。非同步遠距課程。。A48:哲學與道德思考、生命科學本課程英文化程度說明,    , ,請洽系所辦,0,0,0,0,0,0,0,0,0,0,0,0,0,0,0,0,0,0,0,0,0,0,0,0,0,0,0,0,0,0,0,0,0,0,0,0,0,0,0,0,0,0,0,0,0,0,0,0,1,1,1,0,0,0,0,0,0,0,0,0,0,0,0,0,0,0,0,0,0,0,0,0,0,0,0,0,0,0,0,0,0,0,0,0,0,0,0,0,0,0,0,0,0,0,0,0,0,0,0,0,0,0,0,0,0,0,0,0,1,0,0,0,1
87235, ,LibEdu1104, , 協調溝通與衝突管理,  ,2.0,H01 10600,半年,徐顯國,2,"第1,2,3,4,5,6,8,9,10,11,12,13                 週三2,3,4(新201)",30(含開放臺大系統人數:2),本校修課人數上限：28人,密集課程。第一週上課三小時請全程參加，否則會註銷修習本課程。開放國北教1名臺藝大1名。A5:公民意識與社會分析,    , ,新201,0,0,0,0,0,0,0,0,0,0,0,0,0,0,0,0,0,0,0,0,0,0,0,0,0,0,0,0,0,0,0,0,1,1,1,0,0,0,0,0,0,0,0,0,0,0,0,0,0,0,0,0,0,0,0,0,0,0,0,0,0,0,0,0,0,0,0,0,0,0,0,0,0,0,0,0,0,0,0,0,0,0,0,0,0,0,0,0,0,0,0,0,0,0,0,0,0,0,0,0,0,0,0,0,0,0,0,0,0,1,0,0,0
23335, ,LibEdu1106, , 職場倫理與職場精神,  ,3.0,H01 10800,半年,洪英正,3,"一7,8,9(博雅302)",40(含開放臺大系統人數:12),本校修課人數上限：28人,開放70名開學後加簽，第一週務必出席，否則逕予刪除選課。開放國北教6名臺藝大6名。。A4:哲學與道德思考,    , ,博雅302,0,0,0,0,0,0,0,1,1,1,0,0,0,0,0,0,0,0,0,0,0,0,0,0,0,0,0,0,0,0,0,0,0,0,0,0,0,0,0,0,0,0,0,0,0,0,0,0,0,0,0,0,0,0,0,0,0,0,0,0,0,0,0,0,0,0,0,0,0,0,0,0,0,0,0,0,0,0,0,0,0,0,0,0,0,0,0,0,0,0,0,0,0,0,0,0,0,0,0,0,0,0,0,0,0,0,0,0,1,0,0,0,0
34382, ,LibEdu1076, , 非營利組織經營與管理,  ,1.0,H01 11000,半年,粘曉菁,3,四1(博雅301),100,本校修課人數上限：100人,A5:公民意識與社會分析,    , ,博雅301,0,0,0,0,0,0,0,0,0,0,0,0,0,0,0,0,0,0,0,0,0,0,0,0,0,0,0,0,0,0,0,0,0,0,0,0,0,0,0,0,0,0,0,0,0,0,1,0,0,0,0,0,0,0,0,0,0,0,0,0,0,0,0,0,0,0,0,0,0,0,0,0,0,0,0,0,0,0,0,0,0,0,0,0,0,0,0,0,0,0,0,0,0,0,0,0,0,0,0,0,0,0,0,0,0,0,0,0,0,1,0,0,0
68467, ,GenEdu5005, , C/C++程式設計,  ,3.0,H02 50020,半年,張傑帆,2,"一5,6,7(綜501)",80,本校修課人數上限：80人,限非電資學院學生選修。總人數上限：100人。。A6:量化分析與數學素養,    , ,綜501,0,0,0,0,0,1,1,1,0,0,0,0,0,0,0,0,0,0,0,0,0,0,0,0,0,0,0,0,0,0,0,0,0,0,0,0,0,0,0,0,0,0,0,0,0,0,0,0,0,0,0,0,0,0,0,0,0,0,0,0,0,0,0,0,0,0,0,0,0,0,0,0,0,0,0,0,0,0,0,0,0,0,0,0,0,0,0,0,0,0,0,0,0,0,0,0,0,0,0,0,0,0,0,0,0,0,0,0,0,0,1,0,0
20948, ,GenEdu5006, , Python 計算機程式設計,  ,3.0,H02 50030,半年,張傑帆,2,"一8,9,10(綜501)",80,本校修課人數上限：80人,"限非電資學院學生選修。總人數上限：100人。
。A6:量化分析與數學素養",    , ,綜501,0,0,0,0,0,0,0,0,1,1,1,0,0,0,0,0,0,0,0,0,0,0,0,0,0,0,0,0,0,0,0,0,0,0,0,0,0,0,0,0,0,0,0,0,0,0,0,0,0,0,0,0,0,0,0,0,0,0,0,0,0,0,0,0,0,0,0,0,0,0,0,0,0,0,0,0,0,0,0,0,0,0,0,0,0,0,0,0,0,0,0,0,0,0,0,0,0,0,0,0,0,0,0,0,0,0,0,0,0,0,1,0,0
32625, ,GenEdu5010, , 程式設計與網路資料搜集,  ,3.0,H02 50070,半年,魏聖倫,2,"三5,6,10(博雅302)",110(含開放臺大系統人數:20),本校修課人數上限：90人,限非電資學院學生選修。需自備筆電。A6:量化分析與數學素養,   , ,博雅302,0,0,0,0,0,0,0,0,0,0,0,0,0,0,0,0,0,0,0,0,0,0,0,0,0,0,0,0,0,0,0,0,0,0,0,1,1,0,0,0,1,0,0,0,0,0,0,0,0,0,0,0,0,0,0,0,0,0,0,0,0,0,0,0,0,0,0,0,0,0,0,0,0,0,0,0,0,0,0,0,0,0,0,0,0,0,0,0,0,0,0,0,0,0,0,0,0,0,0,0,0,0,0,0,0,0,0,0,0,0,1,0,0
86412, ,GenEdu5011, , 程式設計與資料分析,  ,3.0,H02 50080,半年,郭耀仁,2,"五2,3,4(博雅202)",80,本校修課人數上限：80人,限非電資學院學生選修。需自備筆電。。A6:量化分析與數學素養,    , ,博雅202,0,0,0,0,0,0,0,0,0,0,0,0,0,0,0,0,0,0,0,0,0,0,0,0,0,0,0,0,0,0,0,0,0,0,0,0,0,0,0,0,0,0,0,0,0,0,0,0,0,0,0,0,0,0,0,0,0,0,0,0,0,0,1,1,1,0,0,0,0,0,0,0,0,0,0,0,0,0,0,0,0,0,0,0,0,0,0,0,0,0,0,0,0,0,0,0,0,0,0,0,0,0,0,0,0,0,0,0,0,0,1,0,0
17317, ,GenEdu5012, , 用 Python與Excel 學習統計模型思維,  ,3.0,H02 50090,半年,張佑成,2,"五B,C,D(普301)",50,本校修課人數上限：50人,限非電資學院學生選修。自備筆電。。A6:量化分析與數學素養,    , ,普301,0,0,0,0,0,0,0,0,0,0,0,0,0,0,0,0,0,0,0,0,0,0,0,0,0,0,0,0,0,0,0,0,0,0,0,0,0,0,0,0,0,0,0,0,0,0,0,0,0,0,0,0,0,0,0,0,0,0,0,0,0,0,0,0,0,0,0,0,0,0,0,0,1,1,1,0,0,0,0,0,0,0,0,0,0,0,0,0,0,0,0,0,0,0,0,0,0,0,0,0,0,0,0,0,0,0,0,0,0,0,1,0,0
76176, ,GenEdu5013,01, 臺灣音樂導論,  ,3.0,H02 50100,半年,陳峙維,2,"二7,8,9(普402)",50(含開放臺大系統人數:6),本校修課人數上限：44人,臺語授課。開放3名臺藝大同學修課。。A13:文學與藝術、世界文明,    , ,普402,0,0,0,0,0,0,0,0,0,0,0,0,0,0,0,0,0,0,0,0,0,0,1,1,1,0,0,0,0,0,0,0,0,0,0,0,0,0,0,0,0,0,0,0,0,0,0,0,0,0,0,0,0,0,0,0,0,0,0,0,0,0,0,0,0,0,0,0,0,0,0,0,0,0,0,0,0,0,0,0,0,0,0,0,0,0,0,0,0,0,0,0,0,0,0,0,0,0,0,0,0,0,0,0,0,1,0,1,0,0,0,0,0
76463, ,GenEdu5013,02, 臺灣音樂導論,  ,3.0,H02E50100,半年,陳峙維,2,"四2,3,4(博雅302)",50,本校修課人數上限：50人,本課程以英語授課。。A13:文學與藝術、世界文明本課程英文化程度說明,    , ,博雅302,0,0,0,0,0,0,0,0,0,0,0,0,0,0,0,0,0,0,0,0,0,0,0,0,0,0,0,0,0,0,0,0,0,0,0,0,0,0,0,0,0,0,0,0,0,0,0,1,1,1,0,0,0,0,0,0,0,0,0,0,0,0,0,0,0,0,0,0,0,0,0,0,0,0,0,0,0,0,0,0,0,0,0,0,0,0,0,0,0,0,0,0,0,0,0,0,0,0,0,0,0,0,0,0,0,1,0,1,0,0,0,0,0
17989, ,GenEdu5014, , 音樂產業理論與實務,  ,3.0,H02 50110,半年,陳峙維,2,"二2,3,4(博雅301)",50(含開放臺大系統人數:6),本校修課人數上限：44人,開放3名國北教大同學修課。。A1:文學與藝術,    , ,博雅301,0,0,0,0,0,0,0,0,0,0,0,0,0,0,0,0,0,1,1,1,0,0,0,0,0,0,0,0,0,0,0,0,0,0,0,0,0,0,0,0,0,0,0,0,0,0,0,0,0,0,0,0,0,0,0,0,0,0,0,0,0,0,0,0,0,0,0,0,0,0,0,0,0,0,0,0,0,0,0,0,0,0,0,0,0,0,0,0,0,0,0,0,0,0,0,0,0,0,0,0,0,0,0,0,0,1,0,0,0,0,0,0,0
62712, ,Prog3001, , 日本政治探討,  ,2.0,P48 30100,半年,何思慎,2,"一8,9(普302)",35(含開放臺大系統人數:20),"限學士班二年級以上,本校修課人數上限：15人",日本研究學程學生優先選課。日文系學生修習本課程之學分，不計為系內指定選修學分。兼通識A2*。。A2*:歷史思維領域。可充抵通識,    , ,普302,0,0,0,0,0,0,0,0,1,1,0,0,0,0,0,0,0,0,0,0,0,0,0,0,0,0,0,0,0,0,0,0,0,0,0,0,0,0,0,0,0,0,0,0,0,0,0,0,0,0,0,0,0,0,0,0,0,0,0,0,0,0,0,0,0,0,0,0,0,0,0,0,0,0,0,0,0,0,0,0,0,0,0,0,0,0,0,0,0,0,0,0,0,0,0,0,0,0,0,0,0,0,0,0,0,0,1,0,0,0,0,0,0
28634, ,Prog3016, , 1980年代之後的日本經濟與經濟政策,  ,2.0,P48 31400,半年,蘇顯揚,2,"四8,9(共307)",35(含開放臺大系統人數:20),"限學士班二年級以上,本校修課人數上限：15人",日本研究學程學生優先選課。日文系學生修習本學程課程之學分，不計為系內指定選修學分。兼通識A2*。。A2*:歷史思維領域。可充抵通識,    , ,共307,0,0,0,0,0,0,0,0,0,0,0,0,0,0,0,0,0,0,0,0,0,0,0,0,0,0,0,0,0,0,0,0,0,0,0,0,0,0,0,0,0,0,0,0,0,0,0,0,0,0,0,0,0,1,1,0,0,0,0,0,0,0,0,0,0,0,0,0,0,0,0,0,0,0,0,0,0,0,0,0,0,0,0,0,0,0,0,0,0,0,0,0,0,0,0,0,0,0,0,0,0,0,0,0,0,0,1,0,0,0,0,0,0
96328, ,TA10610001,31, 日本美術鑑賞,  ,2.0,TA01UG027,半年,蔡家丘,3,"四3,4(本部 誠109)",3,本校修課人數上限：3人,臺師大校際課程。臺大通識課程，A1：文學與藝術領域。,    , ,本部 誠109,0,0,0,0,0,0,0,0,0,0,0,0,0,0,0,0,0,0,0,0,0,0,0,0,0,0,0,0,0,0,0,0,0,0,0,0,0,0,0,0,0,0,0,0,0,0,0,0,1,1,0,0,0,0,0,0,0,0,0,0,0,0,0,0,0,0,0,0,0,0,0,0,0,0,0,0,0,0,0,0,0,0,0,0,0,0,0,0,0,0,0,0,0,0,0,0,0,0,0,0,0,0,0,0,0,1,0,0,0,0,0,0,0
96336, ,TA10720002,33, 音樂與戲劇,  ,2.0,TA01UG033,半年,王望舒,3,"五3,4(本部 音308)",2,本校修課人數上限：2人,臺師大校際課程。臺大通識課程，A1：文學與藝術領域。,    , ,本部 音308,0,0,0,0,0,0,0,0,0,0,0,0,0,0,0,0,0,0,0,0,0,0,0,0,0,0,0,0,0,0,0,0,0,0,0,0,0,0,0,0,0,0,0,0,0,0,0,0,0,0,0,0,0,0,0,0,0,0,0,0,0,0,0,1,1,0,0,0,0,0,0,0,0,0,0,0,0,0,0,0,0,0,0,0,0,0,0,0,0,0,0,0,0,0,0,0,0,0,0,0,0,0,0,0,0,1,0,0,0,0,0,0,0
96529, ,TA10310193,48, 臺灣流行文化,  ,2.0,TA03UG012,半年,莊佳穎,3,"三6,7(本部 誠101)",3,本校修課人數上限：3人,臺師大校際課程。臺大通識課程，A1：文學與藝術領域，A5：公民意識與社會分析領域。,    , ,本部 誠101,0,0,0,0,0,0,0,0,0,0,0,0,0,0,0,0,0,0,0,0,0,0,0,0,0,0,0,0,0,0,0,0,0,0,0,0,1,1,0,0,0,0,0,0,0,0,0,0,0,0,0,0,0,0,0,0,0,0,0,0,0,0,0,0,0,0,0,0,0,0,0,0,0,0,0,0,0,0,0,0,0,0,0,0,0,0,0,0,0,0,0,0,0,0,0,0,0,0,0,0,0,0,0,0,0,1,0,0,0,0,0,0,0
96607, ,TA10310209,70, 邏輯思考與應用,  ,2.0,TA05UG001,半年,王銀國,3,"二8,9(本部 誠101)",5,本校修課人數上限：5人,臺師大校際課程。臺大通識課程，A4：哲學與道德思考領域。全國最有個性的通識課，但保證教到會(免費個別教導)。,    , ,本部 誠101,0,0,0,0,0,0,0,0,0,0,0,0,0,0,0,0,0,0,0,0,0,0,0,1,1,0,0,0,0,0,0,0,0,0,0,0,0,0,0,0,0,0,0,0,0,0,0,0,0,0,0,0,0,0,0,0,0,0,0,0,0,0,0,0,0,0,0,0,0,0,0,0,0,0,0,0,0,0,0,0,0,0,0,0,0,0,0,0,0,0,0,0,0,0,0,0,0,0,0,0,0,0,0,0,0,0,0,0,1,0,0,0,0
96608, ,TA10310209,71, 邏輯思考與應用,  ,2.0,TA05UG001,半年,王銀國,3,"三8,9(本部 誠101)",5,本校修課人數上限：5人,臺師大校際課程。臺大通識課程，A4：哲學與道德思考領域。全國最有個性的通識課，但保證教到會(免費個別教導)。,    , ,本部 誠101,0,0,0,0,0,0,0,0,0,0,0,0,0,0,0,0,0,0,0,0,0,0,0,0,0,0,0,0,0,0,0,0,0,0,0,0,0,0,1,1,0,0,0,0,0,0,0,0,0,0,0,0,0,0,0,0,0,0,0,0,0,0,0,0,0,0,0,0,0,0,0,0,0,0,0,0,0,0,0,0,0,0,0,0,0,0,0,0,0,0,0,0,0,0,0,0,0,0,0,0,0,0,0,0,0,0,0,0,1,0,0,0,0
96609, ,TA10310214,80, 科技倫理,  ,2.0,TA05UG011,半年,劉啟民,3,"五6,7(本部 誠108)",3,本校修課人數上限：3人,臺師大校際課程。臺大通識課程，A5：公民意識與社會分析領域。,    , ,本部 誠108,0,0,0,0,0,0,0,0,0,0,0,0,0,0,0,0,0,0,0,0,0,0,0,0,0,0,0,0,0,0,0,0,0,0,0,0,0,0,0,0,0,0,0,0,0,0,0,0,0,0,0,0,0,0,0,0,0,0,0,0,0,0,0,0,0,0,1,1,0,0,0,0,0,0,0,0,0,0,0,0,0,0,0,0,0,0,0,0,0,0,0,0,0,0,0,0,0,0,0,0,0,0,0,0,0,0,0,0,0,1,0,0,0
96610, ,TA10310214,81, 科技倫理,  ,2.0,TA05UG011,半年,劉啟民,3,"五8,9(本部 誠108)",3,本校修課人數上限：3人,臺師大校際課程。臺大通識課程，A5：公民意識與社會分析領域。,    , ,本部 誠108,0,0,0,0,0,0,0,0,0,0,0,0,0,0,0,0,0,0,0,0,0,0,0,0,0,0,0,0,0,0,0,0,0,0,0,0,0,0,0,0,0,0,0,0,0,0,0,0,0,0,0,0,0,0,0,0,0,0,0,0,0,0,0,0,0,0,0,0,1,1,0,0,0,0,0,0,0,0,0,0,0,0,0,0,0,0,0,0,0,0,0,0,0,0,0,0,0,0,0,0,0,0,0,0,0,0,0,0,0,1,0,0,0
96611, ,TA10310220,07, 星星月亮太陽－天文漫談,  ,2.0,TA06UG004,半年,橋本康,3,"三3,4(公館 Ｅ202)",25,本校修課人數上限：25人,臺師大校際課程。臺大通識課程，A7：物質科學領域，A8：生命科學領域。,    , ,公館 Ｅ202,0,0,0,0,0,0,0,0,0,0,0,0,0,0,0,0,0,0,0,0,0,0,0,0,0,0,0,0,0,0,0,0,0,1,1,0,0,0,0,0,0,0,0,0,0,0,0,0,0,0,0,0,0,0,0,0,0,0,0,0,0,0,0,0,0,0,0,0,0,0,0,0,0,0,0,0,0,0,0,0,0,0,0,0,0,0,0,0,0,0,0,0,0,0,0,0,0,0,0,0,0,0,0,0,0,0,0,0,0,0,0,1,0
96612, ,TA10310221,09, 環境倫理與永續發展,  ,2.0,TA06UG006,半年,張子超,3,"三6,7(本部 誠302)",5,本校修課人數上限：5人,臺師大校際課程。臺大通識課程，A7：物質科學領域。,    , ,本部 誠302,0,0,0,0,0,0,0,0,0,0,0,0,0,0,0,0,0,0,0,0,0,0,0,0,0,0,0,0,0,0,0,0,0,0,0,0,1,1,0,0,0,0,0,0,0,0,0,0,0,0,0,0,0,0,0,0,0,0,0,0,0,0,0,0,0,0,0,0,0,0,0,0,0,0,0,0,0,0,0,0,0,0,0,0,0,0,0,0,0,0,0,0,0,0,0,0,0,0,0,0,0,0,0,0,0,0,0,0,0,0,0,1,0
96613, ,TA10310223,12, 植物與人生,  ,2.0,TA06UG009,半年,王震哲,3,"三3,4(公館 Ｓ101)",5,本校修課人數上限：5人,臺師大校際課程。臺大通識課程，A8：生命科學領域。,    , ,公館 Ｓ101,0,0,0,0,0,0,0,0,0,0,0,0,0,0,0,0,0,0,0,0,0,0,0,0,0,0,0,0,0,0,0,0,0,1,1,0,0,0,0,0,0,0,0,0,0,0,0,0,0,0,0,0,0,0,0,0,0,0,0,0,0,0,0,0,0,0,0,0,0,0,0,0,0,0,0,0,0,0,0,0,0,0,0,0,0,0,0,0,0,0,0,0,0,0,0,0,0,0,0,0,0,0,0,0,0,0,0,0,0,0,0,0,1
96614, ,TA10710001,18, 宇宙中的生命與太空環境,  ,2.0,TA06UG021,半年,橋本康,3,"三6,7(公館 Ｅ302)",30,本校修課人數上限：30人,臺師大校際課程。臺大通識課程，A7：物質科學領域，A8：生命科學領域。,    , ,公館 Ｅ302,0,0,0,0,0,0,0,0,0,0,0,0,0,0,0,0,0,0,0,0,0,0,0,0,0,0,0,0,0,0,0,0,0,0,0,0,1,1,0,0,0,0,0,0,0,0,0,0,0,0,0,0,0,0,0,0,0,0,0,0,0,0,0,0,0,0,0,0,0,0,0,0,0,0,0,0,0,0,0,0,0,0,0,0,0,0,0,0,0,0,0,0,0,0,0,0,0,0,0,0,0,0,0,0,0,0,0,0,0,0,0,1,0
96763, ,TA10310260,78, 博物館探索,  ,2.0,TA0SUG514,半年,黃玫瑄,3,"三6,7(本部 誠301)",3,本校修課人數上限：3人,臺師大校際課程。臺大通識課程，A2：歷史思維領域。,    , ,本部 誠301,0,0,0,0,0,0,0,0,0,0,0,0,0,0,0,0,0,0,0,0,0,0,0,0,0,0,0,0,0,0,0,0,0,0,0,0,1,1,0,0,0,0,0,0,0,0,0,0,0,0,0,0,0,0,0,0,0,0,0,0,0,0,0,0,0,0,0,0,0,0,0,0,0,0,0,0,0,0,0,0,0,0,0,0,0,0,0,0,0,0,0,0,0,0,0,0,0,0,0,0,0,0,0,0,0,0,1,0,0,0,0,0,0
96327, ,TA10918811,26, 舞蹈鑑賞,  ,3.0,TANTNU033,半年,王宏豪,3,"二6,7,8(本部 誠102)",5,本校修課人數上限：5人,臺師大校際課程。臺大通識課程，A1：文學與藝術領域。,    , ,本部 誠102,0,0,0,0,0,0,0,0,0,0,0,0,0,0,0,0,0,0,0,0,0,1,1,1,0,0,0,0,0,0,0,0,0,0,0,0,0,0,0,0,0,0,0,0,0,0,0,0,0,0,0,0,0,0,0,0,0,0,0,0,0,0,0,0,0,0,0,0,0,0,0,0,0,0,0,0,0,0,0,0,0,0,0,0,0,0,0,0,0,0,0,0,0,0,0,0,0,0,0,0,0,0,0,0,0,1,0,0,0,0,0,0,0
96715, ,TB10810028,01, 時事漫談智慧財產與科技法,  ,2.0,TBIBG0073,半年,Richar,3,"二6,7(TR-214)",5,本校修課人數上限：5人,臺科大校際課程。課程性質：學士班。臺大通識課程，A5：公民意識與社會分析領域。英語授課、限100人,    , ,TR-214,0,0,0,0,0,0,0,0,0,0,0,0,0,0,0,0,0,0,0,0,0,1,1,0,0,0,0,0,0,0,0,0,0,0,0,0,0,0,0,0,0,0,0,0,0,0,0,0,0,0,0,0,0,0,0,0,0,0,0,0,0,0,0,0,0,0,0,0,0,0,0,0,0,0,0,0,0,0,0,0,0,0,0,0,0,0,0,0,0,0,0,0,0,0,0,0,0,0,0,0,0,0,0,0,0,0,0,0,0,1,0,0,0
96819, ,TB10620040,01, 大數據與程式設計導論,  ,2.0,TBTCG0783,半年,李啟龍,3,"一10,9(請洽系所辦)  ",2,本校修課人數上限：2人,臺科大校際課程。課程性質：學士班。臺大通識課程，A6：量化分析與數學素養領域。限50人、請同學自備筆記型電腦,    , ,請洽系所辦,0,0,0,0,0,0,0,0,0,1,1,0,0,0,0,0,0,0,0,0,0,0,0,0,0,0,0,0,0,0,0,0,0,0,0,0,0,0,0,0,0,0,0,0,0,0,0,0,0,0,0,0,0,0,0,0,0,0,0,0,0,0,0,0,0,0,0,0,0,0,0,0,0,0,0,0,0,0,0,0,0,0,0,0,0,0,0,0,0,0,0,0,0,0,0,0,0,0,0,0,0,0,0,0,0,0,0,0,0,0,1,0,0
96352, ,TB10710039,01, 愛情多樣性,  ,2.0,TBTCG0873,半年,許碩驛,3,"三8,9(TR-209)",14,本校修課人數上限：14人,臺科大校際課程。課程性質：學士班。臺大通識課程，A5：公民意識與社會分析領域，A8：生命科學領域。限72人,    , ,TR-209,0,0,0,0,0,0,0,0,0,0,0,0,0,0,0,0,0,0,0,0,0,0,0,0,0,0,0,0,0,0,0,0,0,0,0,0,0,0,1,1,0,0,0,0,0,0,0,0,0,0,0,0,0,0,0,0,0,0,0,0,0,0,0,0,0,0,0,0,0,0,0,0,0,0,0,0,0,0,0,0,0,0,0,0,0,0,0,0,0,0,0,0,0,0,0,0,0,0,0,0,0,0,0,0,0,0,0,0,0,1,0,0,0
61484, ,DS5220, , 音樂合作的藝術與實踐,  ,3.0,Z01 U0460,半年,蔡佳芬,2,"一6,7,8(卓R506)",20(含開放臺大系統人數:2),"本校修課人數上限：18人,外系人數限制：18人",初選不開放。初選不開放。修課詳閱課程概述，修課申請https://bit.ly/3idUNmd。兼通識A1*。A1:文學與藝術,    , ,卓R506,0,0,0,0,0,0,1,1,1,0,0,0,0,0,0,0,0,0,0,0,0,0,0,0,0,0,0,0,0,0,0,0,0,0,0,0,0,0,0,0,0,0,0,0,0,0,0,0,0,0,0,0,0,0,0,0,0,0,0,0,0,0,0,0,0,0,0,0,0,0,0,0,0,0,0,0,0,0,0,0,0,0,0,0,0,0,0,0,0,0,0,0,0,0,0,0,0,0,0,0,0,0,0,0,0,1,0,0,0,0,0,0,0
