流水號,授課對象,課號,班次,課程名稱,簡介影片,學分,課程識別碼,全/半年,必/選修,授課教師,加選方式,時間教室,總人數,選課限制條件,備註,課程網頁,本學期我預計要選的課程,classroom,time_0_0,time_0_1,time_0_2,time_0_3,time_0_4,time_0_5,time_0_6,time_0_7,time_0_8,time_0_9,time_0_10,time_0_11,time_0_12,time_0_13,time_0_14,time_1_0,time_1_1,time_1_2,time_1_3,time_1_4,time_1_5,time_1_6,time_1_7,time_1_8,time_1_9,time_1_10,time_1_11,time_1_12,time_1_13,time_1_14,time_2_0,time_2_1,time_2_2,time_2_3,time_2_4,time_2_5,time_2_6,time_2_7,time_2_8,time_2_9,time_2_10,time_2_11,time_2_12,time_2_13,time_2_14,time_3_0,time_3_1,time_3_2,time_3_3,time_3_4,time_3_5,time_3_6,time_3_7,time_3_8,time_3_9,time_3_10,time_3_11,time_3_12,time_3_13,time_3_14,time_4_0,time_4_1,time_4_2,time_4_3,time_4_4,time_4_5,time_4_6,time_4_7,time_4_8,time_4_9,time_4_10,time_4_11,time_4_12,time_4_13,time_4_14,time_5_0,time_5_1,time_5_2,time_5_3,time_5_4,time_5_5,time_5_6,time_5_7,time_5_8,time_5_9,time_5_10,time_5_11,time_5_12,time_5_13,time_5_14,time_6_0,time_6_1,time_6_2,time_6_3,time_6_4,time_6_5,time_6_6,time_6_7,time_6_8,time_6_9,time_6_10,time_6_11,time_6_12,time_6_13,time_6_14,A1,A2,A3,A4,A5,A6,A7,A8
97178, ,PE5014,H2, 定向越野,  ,1.0,002 51900,半年,必修,莊珮琪,2,"五3,4(綜體前廣場)",40,"專項運動學群,本校修課人數上限：40人",雙語授課。,    , ,綜體前廣場,0,0,0,0,0,0,0,0,0,0,0,0,0,0,0,0,0,0,0,0,0,0,0,0,0,0,0,0,0,0,0,0,0,0,0,0,0,0,0,0,0,0,0,0,0,0,0,0,0,0,0,0,0,0,0,0,0,0,0,0,0,0,0,1,1,0,0,0,0,0,0,0,0,0,0,0,0,0,0,0,0,0,0,0,0,0,0,0,0,0,0,0,0,0,0,0,0,0,0,0,0,0,0,0,0,0,0,0,0,0,0,0,0
97177, ,PE5014,H1, 定向越野,  ,1.0,002 51900,半年,必修,莊珮琪,2,"五1,2(綜體前廣場)",40,"專項運動學群,本校修課人數上限：40人",雙語授課。,    , ,綜體前廣場,0,0,0,0,0,0,0,0,0,0,0,0,0,0,0,0,0,0,0,0,0,0,0,0,0,0,0,0,0,0,0,0,0,0,0,0,0,0,0,0,0,0,0,0,0,0,0,0,0,0,0,0,0,0,0,0,0,0,0,0,0,1,1,0,0,0,0,0,0,0,0,0,0,0,0,0,0,0,0,0,0,0,0,0,0,0,0,0,0,0,0,0,0,0,0,0,0,0,0,0,0,0,0,0,0,0,0,0,0,0,0,0,0
97176, ,PE5014,G9, 定向越野,  ,1.0,002 51900,半年,必修,莊珮琪,2,"四8,9(綜體前廣場)",40,"專項運動學群,本校修課人數上限：40人", ,    , ,綜體前廣場,0,0,0,0,0,0,0,0,0,0,0,0,0,0,0,0,0,0,0,0,0,0,0,0,0,0,0,0,0,0,0,0,0,0,0,0,0,0,0,0,0,0,0,0,0,0,0,0,0,0,0,0,0,1,1,0,0,0,0,0,0,0,0,0,0,0,0,0,0,0,0,0,0,0,0,0,0,0,0,0,0,0,0,0,0,0,0,0,0,0,0,0,0,0,0,0,0,0,0,0,0,0,0,0,0,0,0,0,0,0,0,0,0
97175, ,PE5014,G8, 定向越野,  ,1.0,002 51900,半年,必修,莊珮琪,2,"四6,7(綜體前廣場)",40,"專項運動學群,本校修課人數上限：40人", ,    , ,綜體前廣場,0,0,0,0,0,0,0,0,0,0,0,0,0,0,0,0,0,0,0,0,0,0,0,0,0,0,0,0,0,0,0,0,0,0,0,0,0,0,0,0,0,0,0,0,0,0,0,0,0,0,0,1,1,0,0,0,0,0,0,0,0,0,0,0,0,0,0,0,0,0,0,0,0,0,0,0,0,0,0,0,0,0,0,0,0,0,0,0,0,0,0,0,0,0,0,0,0,0,0,0,0,0,0,0,0,0,0,0,0,0,0,0,0
97174, ,PE5001,67, 壁球初級,  ,1.0,002 51790,半年,必修,林聯喜,2,"四8,9(綜館壁球室)",32,"專項運動學群,本校修課人數上限：32人",請自備乾淨球鞋。,    , ,綜館壁球室,0,0,0,0,0,0,0,0,0,0,0,0,0,0,0,0,0,0,0,0,0,0,0,0,0,0,0,0,0,0,0,0,0,0,0,0,0,0,0,0,0,0,0,0,0,0,0,0,0,0,0,0,0,1,1,0,0,0,0,0,0,0,0,0,0,0,0,0,0,0,0,0,0,0,0,0,0,0,0,0,0,0,0,0,0,0,0,0,0,0,0,0,0,0,0,0,0,0,0,0,0,0,0,0,0,0,0,0,0,0,0,0,0
97173, ,PE5001,66, 壁球初級,  ,1.0,002 51790,半年,必修,林聯喜,2,"四6,7(綜館壁球室)",32,"專項運動學群,本校修課人數上限：32人",請自備乾淨球鞋。,    , ,綜館壁球室,0,0,0,0,0,0,0,0,0,0,0,0,0,0,0,0,0,0,0,0,0,0,0,0,0,0,0,0,0,0,0,0,0,0,0,0,0,0,0,0,0,0,0,0,0,0,0,0,0,0,0,1,1,0,0,0,0,0,0,0,0,0,0,0,0,0,0,0,0,0,0,0,0,0,0,0,0,0,0,0,0,0,0,0,0,0,0,0,0,0,0,0,0,0,0,0,0,0,0,0,0,0,0,0,0,0,0,0,0,0,0,0,0
97172, ,PE5001,63, 壁球初級,  ,1.0,002 51790,半年,必修,林聯喜,2,"一8,9(綜館壁球室)",32,"專項運動學群,本校修課人數上限：32人",請自備乾淨球鞋。,    , ,綜館壁球室,0,0,0,0,0,0,0,0,1,1,0,0,0,0,0,0,0,0,0,0,0,0,0,0,0,0,0,0,0,0,0,0,0,0,0,0,0,0,0,0,0,0,0,0,0,0,0,0,0,0,0,0,0,0,0,0,0,0,0,0,0,0,0,0,0,0,0,0,0,0,0,0,0,0,0,0,0,0,0,0,0,0,0,0,0,0,0,0,0,0,0,0,0,0,0,0,0,0,0,0,0,0,0,0,0,0,0,0,0,0,0,0,0
97171, ,PE5001,62, 壁球初級,  ,1.0,002 51790,半年,必修,林聯喜,2,"一6,7(綜館壁球室)",32,"專項運動學群,本校修課人數上限：32人",請自備乾淨球鞋。,    , ,綜館壁球室,0,0,0,0,0,0,1,1,0,0,0,0,0,0,0,0,0,0,0,0,0,0,0,0,0,0,0,0,0,0,0,0,0,0,0,0,0,0,0,0,0,0,0,0,0,0,0,0,0,0,0,0,0,0,0,0,0,0,0,0,0,0,0,0,0,0,0,0,0,0,0,0,0,0,0,0,0,0,0,0,0,0,0,0,0,0,0,0,0,0,0,0,0,0,0,0,0,0,0,0,0,0,0,0,0,0,0,0,0,0,0,0,0
97170, ,PE2142,55, 室內五人制足球初級,  ,1.0,002 51730,半年,必修,楊裕隆,2,"四8,9(舊館羽球場)",44,"專項運動學群,本校修課人數上限：44人", ,   , ,舊館羽球場,0,0,0,0,0,0,0,0,0,0,0,0,0,0,0,0,0,0,0,0,0,0,0,0,0,0,0,0,0,0,0,0,0,0,0,0,0,0,0,0,0,0,0,0,0,0,0,0,0,0,0,0,0,1,1,0,0,0,0,0,0,0,0,0,0,0,0,0,0,0,0,0,0,0,0,0,0,0,0,0,0,0,0,0,0,0,0,0,0,0,0,0,0,0,0,0,0,0,0,0,0,0,0,0,0,0,0,0,0,0,0,0,0
97169, ,PE2142,54, 室內五人制足球初級,  ,1.0,002 51730,半年,必修,楊裕隆,2,"四6,7(舊館羽球場)",44,"專項運動學群,本校修課人數上限：44人", ,   , ,舊館羽球場,0,0,0,0,0,0,0,0,0,0,0,0,0,0,0,0,0,0,0,0,0,0,0,0,0,0,0,0,0,0,0,0,0,0,0,0,0,0,0,0,0,0,0,0,0,0,0,0,0,0,0,1,1,0,0,0,0,0,0,0,0,0,0,0,0,0,0,0,0,0,0,0,0,0,0,0,0,0,0,0,0,0,0,0,0,0,0,0,0,0,0,0,0,0,0,0,0,0,0,0,0,0,0,0,0,0,0,0,0,0,0,0,0
97168, ,PE2138,G1, 跆拳道初級,  ,1.0,002 51690,半年,必修,陳君鳳,2,"四3,4(舊館柔道房)",40,"專項運動學群,本校修課人數上限：40人", ,    , ,舊館柔道房,0,0,0,0,0,0,0,0,0,0,0,0,0,0,0,0,0,0,0,0,0,0,0,0,0,0,0,0,0,0,0,0,0,0,0,0,0,0,0,0,0,0,0,0,0,0,0,0,1,1,0,0,0,0,0,0,0,0,0,0,0,0,0,0,0,0,0,0,0,0,0,0,0,0,0,0,0,0,0,0,0,0,0,0,0,0,0,0,0,0,0,0,0,0,0,0,0,0,0,0,0,0,0,0,0,0,0,0,0,0,0,0,0
97167, ,PE2138,F9, 跆拳道初級,  ,1.0,002 51690,半年,必修,陳君鳳,2,"四1,2(綜館柔道室)",40,"專項運動學群,本校修課人數上限：40人", ,    , ,綜館柔道室,0,0,0,0,0,0,0,0,0,0,0,0,0,0,0,0,0,0,0,0,0,0,0,0,0,0,0,0,0,0,0,0,0,0,0,0,0,0,0,0,0,0,0,0,0,0,1,1,0,0,0,0,0,0,0,0,0,0,0,0,0,0,0,0,0,0,0,0,0,0,0,0,0,0,0,0,0,0,0,0,0,0,0,0,0,0,0,0,0,0,0,0,0,0,0,0,0,0,0,0,0,0,0,0,0,0,0,0,0,0,0,0,0
97166, ,PE2138,B5, 跆拳道初級,  ,1.0,002 51690,半年,必修,吳明翰,2,"三8,9(綜館柔道室)",40,"專項運動學群,本校修課人數上限：40人", ,    , ,綜館柔道室,0,0,0,0,0,0,0,0,0,0,0,0,0,0,0,0,0,0,0,0,0,0,0,0,0,0,0,0,0,0,0,0,0,0,0,0,0,0,1,1,0,0,0,0,0,0,0,0,0,0,0,0,0,0,0,0,0,0,0,0,0,0,0,0,0,0,0,0,0,0,0,0,0,0,0,0,0,0,0,0,0,0,0,0,0,0,0,0,0,0,0,0,0,0,0,0,0,0,0,0,0,0,0,0,0,0,0,0,0,0,0,0,0
97165, ,PE2138,B4, 跆拳道初級,  ,1.0,002 51690,半年,必修,吳明翰,2,"三6,7(綜館柔道室)",40,"專項運動學群,本校修課人數上限：40人", ,    , ,綜館柔道室,0,0,0,0,0,0,0,0,0,0,0,0,0,0,0,0,0,0,0,0,0,0,0,0,0,0,0,0,0,0,0,0,0,0,0,0,1,1,0,0,0,0,0,0,0,0,0,0,0,0,0,0,0,0,0,0,0,0,0,0,0,0,0,0,0,0,0,0,0,0,0,0,0,0,0,0,0,0,0,0,0,0,0,0,0,0,0,0,0,0,0,0,0,0,0,0,0,0,0,0,0,0,0,0,0,0,0,0,0,0,0,0,0
97164, ,PE2130,P6, 壁球,  ,1.0,002 51610,半年,必修,李坤培,2,"三8,9(綜館壁球室)",32,"專項運動學群,本校修課人數上限：32人",請自備乾淨球鞋。,    , ,綜館壁球室,0,0,0,0,0,0,0,0,0,0,0,0,0,0,0,0,0,0,0,0,0,0,0,0,0,0,0,0,0,0,0,0,0,0,0,0,0,0,1,1,0,0,0,0,0,0,0,0,0,0,0,0,0,0,0,0,0,0,0,0,0,0,0,0,0,0,0,0,0,0,0,0,0,0,0,0,0,0,0,0,0,0,0,0,0,0,0,0,0,0,0,0,0,0,0,0,0,0,0,0,0,0,0,0,0,0,0,0,0,0,0,0,0
97163, ,PE2129,30, 軟網初級,  ,1.0,002 51600,半年,必修,莊泰源,2,"二1,2(網球345678)",42,"專項運動學群,本校修課人數上限：42人", ,    , ,網球345678,0,0,0,0,0,0,0,0,0,0,0,0,0,0,0,0,1,1,0,0,0,0,0,0,0,0,0,0,0,0,0,0,0,0,0,0,0,0,0,0,0,0,0,0,0,0,0,0,0,0,0,0,0,0,0,0,0,0,0,0,0,0,0,0,0,0,0,0,0,0,0,0,0,0,0,0,0,0,0,0,0,0,0,0,0,0,0,0,0,0,0,0,0,0,0,0,0,0,0,0,0,0,0,0,0,0,0,0,0,0,0,0,0
97162, ,PE2129,28, 軟網初級,  ,1.0,002 51600,半年,必修,莊泰源,2,"一1,2(網球345678)",42,"專項運動學群,本校修課人數上限：42人", ,    , ,網球345678,0,1,1,0,0,0,0,0,0,0,0,0,0,0,0,0,0,0,0,0,0,0,0,0,0,0,0,0,0,0,0,0,0,0,0,0,0,0,0,0,0,0,0,0,0,0,0,0,0,0,0,0,0,0,0,0,0,0,0,0,0,0,0,0,0,0,0,0,0,0,0,0,0,0,0,0,0,0,0,0,0,0,0,0,0,0,0,0,0,0,0,0,0,0,0,0,0,0,0,0,0,0,0,0,0,0,0,0,0,0,0,0,0
97161, ,PE2124,49, 重量訓練,  ,1.0,002 51520,半年,必修,蔡秀華,2,"四3,4((醫)館1F)",40,"專項運動學群,本校修課人數上限：40人",請自備乾淨球鞋、毛巾。,   , ,(醫,0,0,0,0,0,0,0,0,0,0,0,0,0,0,0,0,0,0,0,0,0,0,0,0,0,0,0,0,0,0,0,0,0,0,0,0,0,0,0,0,0,0,0,0,0,0,0,0,1,1,0,0,0,0,0,0,0,0,0,0,0,0,0,0,0,0,0,0,0,0,0,0,0,0,0,0,0,0,0,0,0,0,0,0,0,0,0,0,0,0,0,0,0,0,0,0,0,0,0,0,0,0,0,0,0,0,0,0,0,0,0,0,0
97160, ,PE2112,98, 瑜珈,  ,1.0,002 51370,半年,必修,蘇玫尹,2,"三3,4(綜館韻律室)",35,"專項運動學群,本校修課人數上限：35人",請自備乾淨球鞋。,    , ,綜館韻律室,0,0,0,0,0,0,0,0,0,0,0,0,0,0,0,0,0,0,0,0,0,0,0,0,0,0,0,0,0,0,0,0,0,1,1,0,0,0,0,0,0,0,0,0,0,0,0,0,0,0,0,0,0,0,0,0,0,0,0,0,0,0,0,0,0,0,0,0,0,0,0,0,0,0,0,0,0,0,0,0,0,0,0,0,0,0,0,0,0,0,0,0,0,0,0,0,0,0,0,0,0,0,0,0,0,0,0,0,0,0,0,0,0
97159, ,PE2112,94, 瑜珈,  ,1.0,002 51370,半年,必修,蘇玫尹,2,"一3,4(綜館韻律室)",35,"專項運動學群,本校修課人數上限：35人",請自備乾淨球鞋。,    , ,綜館韻律室,0,0,0,1,1,0,0,0,0,0,0,0,0,0,0,0,0,0,0,0,0,0,0,0,0,0,0,0,0,0,0,0,0,0,0,0,0,0,0,0,0,0,0,0,0,0,0,0,0,0,0,0,0,0,0,0,0,0,0,0,0,0,0,0,0,0,0,0,0,0,0,0,0,0,0,0,0,0,0,0,0,0,0,0,0,0,0,0,0,0,0,0,0,0,0,0,0,0,0,0,0,0,0,0,0,0,0,0,0,0,0,0,0
97158, ,PE2111,90, 保齡球,  ,1.0,002 51360,半年,必修,洪巧菱,2,"二8,9(請洽系所辦)  ",35,"專項運動學群,本校修課人數上限：35人",上課地點：三重E7play保齡球館，同學需自行前往及自付每次上課(3局球局與球鞋)100元。,    , ,請洽系所辦,0,0,0,0,0,0,0,0,0,0,0,0,0,0,0,0,0,0,0,0,0,0,0,1,1,0,0,0,0,0,0,0,0,0,0,0,0,0,0,0,0,0,0,0,0,0,0,0,0,0,0,0,0,0,0,0,0,0,0,0,0,0,0,0,0,0,0,0,0,0,0,0,0,0,0,0,0,0,0,0,0,0,0,0,0,0,0,0,0,0,0,0,0,0,0,0,0,0,0,0,0,0,0,0,0,0,0,0,0,0,0,0,0
97157, ,PE2111,89, 保齡球,  ,1.0,002 51360,半年,必修,洪巧菱,2,"二6,7(請洽系所辦)  ",35,"專項運動學群,本校修課人數上限：35人",上課地點：三重E7play保齡球館，同學需自行前往及自付每次上課(3局球局與球鞋)100元。,    , ,請洽系所辦,0,0,0,0,0,0,0,0,0,0,0,0,0,0,0,0,0,0,0,0,0,1,1,0,0,0,0,0,0,0,0,0,0,0,0,0,0,0,0,0,0,0,0,0,0,0,0,0,0,0,0,0,0,0,0,0,0,0,0,0,0,0,0,0,0,0,0,0,0,0,0,0,0,0,0,0,0,0,0,0,0,0,0,0,0,0,0,0,0,0,0,0,0,0,0,0,0,0,0,0,0,0,0,0,0,0,0,0,0,0,0,0,0
97156, ,PE2109,I7, 橄欖球,  ,1.0,002 51330,半年,必修,莊國禎,2,"四3,4(足球場)",40,"專項運動學群,本校修課人數上限：40人", ,    , ,足球場,0,0,0,0,0,0,0,0,0,0,0,0,0,0,0,0,0,0,0,0,0,0,0,0,0,0,0,0,0,0,0,0,0,0,0,0,0,0,0,0,0,0,0,0,0,0,0,0,1,1,0,0,0,0,0,0,0,0,0,0,0,0,0,0,0,0,0,0,0,0,0,0,0,0,0,0,0,0,0,0,0,0,0,0,0,0,0,0,0,0,0,0,0,0,0,0,0,0,0,0,0,0,0,0,0,0,0,0,0,0,0,0,0
97155, ,PE2103,A4, 網球中級(一),  ,1.0,002 51270,半年,必修,趙曉涵,2,"三8,9(網球345678)",42,"專項運動學群,本校修課人數上限：42人", ,    , ,網球345678,0,0,0,0,0,0,0,0,0,0,0,0,0,0,0,0,0,0,0,0,0,0,0,0,0,0,0,0,0,0,0,0,0,0,0,0,0,0,1,1,0,0,0,0,0,0,0,0,0,0,0,0,0,0,0,0,0,0,0,0,0,0,0,0,0,0,0,0,0,0,0,0,0,0,0,0,0,0,0,0,0,0,0,0,0,0,0,0,0,0,0,0,0,0,0,0,0,0,0,0,0,0,0,0,0,0,0,0,0,0,0,0,0
97154, ,PE2103,32, 網球中級(一),  ,1.0,002 51270,半年,必修,莊泰源,2,"三3,4(網球345678)",42,"專項運動學群,本校修課人數上限：42人", ,    , ,網球345678,0,0,0,0,0,0,0,0,0,0,0,0,0,0,0,0,0,0,0,0,0,0,0,0,0,0,0,0,0,0,0,0,0,1,1,0,0,0,0,0,0,0,0,0,0,0,0,0,0,0,0,0,0,0,0,0,0,0,0,0,0,0,0,0,0,0,0,0,0,0,0,0,0,0,0,0,0,0,0,0,0,0,0,0,0,0,0,0,0,0,0,0,0,0,0,0,0,0,0,0,0,0,0,0,0,0,0,0,0,0,0,0,0
97153, ,PE2103,25, 網球中級(一),  ,1.0,002 51270,半年,必修,連玉輝,2,"二6,7(網球345678)",42,"專項運動學群,本校修課人數上限：42人", ,    , ,網球345678,0,0,0,0,0,0,0,0,0,0,0,0,0,0,0,0,0,0,0,0,0,1,1,0,0,0,0,0,0,0,0,0,0,0,0,0,0,0,0,0,0,0,0,0,0,0,0,0,0,0,0,0,0,0,0,0,0,0,0,0,0,0,0,0,0,0,0,0,0,0,0,0,0,0,0,0,0,0,0,0,0,0,0,0,0,0,0,0,0,0,0,0,0,0,0,0,0,0,0,0,0,0,0,0,0,0,0,0,0,0,0,0,0
97152, ,PE2102,F4, 網球初級,  ,1.0,002 51260,半年,必修,王澤惠,2,"四8,9(網球345678)",42,"專項運動學群,本校修課人數上限：42人", ,    , ,網球345678,0,0,0,0,0,0,0,0,0,0,0,0,0,0,0,0,0,0,0,0,0,0,0,0,0,0,0,0,0,0,0,0,0,0,0,0,0,0,0,0,0,0,0,0,0,0,0,0,0,0,0,0,0,1,1,0,0,0,0,0,0,0,0,0,0,0,0,0,0,0,0,0,0,0,0,0,0,0,0,0,0,0,0,0,0,0,0,0,0,0,0,0,0,0,0,0,0,0,0,0,0,0,0,0,0,0,0,0,0,0,0,0,0
97151, ,PE2102,F3, 網球初級,  ,1.0,002 51260,半年,必修,王澤惠,2,"四6,7(網球345678)",42,"專項運動學群,本校修課人數上限：42人", ,    , ,網球345678,0,0,0,0,0,0,0,0,0,0,0,0,0,0,0,0,0,0,0,0,0,0,0,0,0,0,0,0,0,0,0,0,0,0,0,0,0,0,0,0,0,0,0,0,0,0,0,0,0,0,0,1,1,0,0,0,0,0,0,0,0,0,0,0,0,0,0,0,0,0,0,0,0,0,0,0,0,0,0,0,0,0,0,0,0,0,0,0,0,0,0,0,0,0,0,0,0,0,0,0,0,0,0,0,0,0,0,0,0,0,0,0,0
97150, ,PE2102,A3, 網球初級,  ,1.0,002 51260,半年,必修,趙曉涵,2,"三6,7(網球345678)",42,"專項運動學群,本校修課人數上限：42人", ,    , ,網球345678,0,0,0,0,0,0,0,0,0,0,0,0,0,0,0,0,0,0,0,0,0,0,0,0,0,0,0,0,0,0,0,0,0,0,0,0,1,1,0,0,0,0,0,0,0,0,0,0,0,0,0,0,0,0,0,0,0,0,0,0,0,0,0,0,0,0,0,0,0,0,0,0,0,0,0,0,0,0,0,0,0,0,0,0,0,0,0,0,0,0,0,0,0,0,0,0,0,0,0,0,0,0,0,0,0,0,0,0,0,0,0,0,0
97149, ,PE2102,A2, 網球初級,  ,1.0,002 51260,半年,必修,趙曉涵,2,"二3,4(網球345678)",42,"專項運動學群,本校修課人數上限：42人", ,    , ,網球345678,0,0,0,0,0,0,0,0,0,0,0,0,0,0,0,0,0,0,1,1,0,0,0,0,0,0,0,0,0,0,0,0,0,0,0,0,0,0,0,0,0,0,0,0,0,0,0,0,0,0,0,0,0,0,0,0,0,0,0,0,0,0,0,0,0,0,0,0,0,0,0,0,0,0,0,0,0,0,0,0,0,0,0,0,0,0,0,0,0,0,0,0,0,0,0,0,0,0,0,0,0,0,0,0,0,0,0,0,0,0,0,0,0
97148, ,PE2102,26, 網球初級,  ,1.0,002 51260,半年,必修,連玉輝,2,"三3,4((醫)網球場)",32,"專項運動學群,本校修課人數上限：32人", ,    , ,(醫,0,0,0,0,0,0,0,0,0,0,0,0,0,0,0,0,0,0,0,0,0,0,0,0,0,0,0,0,0,0,0,0,0,1,1,0,0,0,0,0,0,0,0,0,0,0,0,0,0,0,0,0,0,0,0,0,0,0,0,0,0,0,0,0,0,0,0,0,0,0,0,0,0,0,0,0,0,0,0,0,0,0,0,0,0,0,0,0,0,0,0,0,0,0,0,0,0,0,0,0,0,0,0,0,0,0,0,0,0,0,0,0,0
97147, ,PE2102,08, 網球初級,  ,1.0,002 51260,半年,必修,陳美莉,2,"四1,2(網球345678)",42,"專項運動學群,本校修課人數上限：42人", ,    , ,網球345678,0,0,0,0,0,0,0,0,0,0,0,0,0,0,0,0,0,0,0,0,0,0,0,0,0,0,0,0,0,0,0,0,0,0,0,0,0,0,0,0,0,0,0,0,0,0,1,1,0,0,0,0,0,0,0,0,0,0,0,0,0,0,0,0,0,0,0,0,0,0,0,0,0,0,0,0,0,0,0,0,0,0,0,0,0,0,0,0,0,0,0,0,0,0,0,0,0,0,0,0,0,0,0,0,0,0,0,0,0,0,0,0,0
97146, ,PE2097,P1, 棒球初級,  ,1.0,002 51180,半年,必修,林伯修,2,"四3,4(棒壘球場)",48,"專項運動學群,本校修課人數上限：48人", ,    , ,棒壘球場,0,0,0,0,0,0,0,0,0,0,0,0,0,0,0,0,0,0,0,0,0,0,0,0,0,0,0,0,0,0,0,0,0,0,0,0,0,0,0,0,0,0,0,0,0,0,0,0,1,1,0,0,0,0,0,0,0,0,0,0,0,0,0,0,0,0,0,0,0,0,0,0,0,0,0,0,0,0,0,0,0,0,0,0,0,0,0,0,0,0,0,0,0,0,0,0,0,0,0,0,0,0,0,0,0,0,0,0,0,0,0,0,0
97145, ,PE2097,03, 棒球初級,  ,1.0,002 51180,半年,必修,康正男,2,"一6,7(棒壘球場)",48,"專項運動學群,本校修課人數上限：48人", ,    , ,棒壘球場,0,0,0,0,0,0,1,1,0,0,0,0,0,0,0,0,0,0,0,0,0,0,0,0,0,0,0,0,0,0,0,0,0,0,0,0,0,0,0,0,0,0,0,0,0,0,0,0,0,0,0,0,0,0,0,0,0,0,0,0,0,0,0,0,0,0,0,0,0,0,0,0,0,0,0,0,0,0,0,0,0,0,0,0,0,0,0,0,0,0,0,0,0,0,0,0,0,0,0,0,0,0,0,0,0,0,0,0,0,0,0,0,0
97144, ,PE2088,43, 高爾夫初級,  ,1.0,002 51060,半年,必修,簡坤鐘,2,"二3,4(高爾夫球場)",48,"專項運動學群,本校修課人數上限：48人", ,    , ,高爾夫球場,0,0,0,0,0,0,0,0,0,0,0,0,0,0,0,0,0,0,1,1,0,0,0,0,0,0,0,0,0,0,0,0,0,0,0,0,0,0,0,0,0,0,0,0,0,0,0,0,0,0,0,0,0,0,0,0,0,0,0,0,0,0,0,0,0,0,0,0,0,0,0,0,0,0,0,0,0,0,0,0,0,0,0,0,0,0,0,0,0,0,0,0,0,0,0,0,0,0,0,0,0,0,0,0,0,0,0,0,0,0,0,0,0
97143, ,PE2088,42, 高爾夫初級,  ,1.0,002 51060,半年,必修,簡坤鐘,2,"二1,2(高爾夫球場)",48,"專項運動學群,本校修課人數上限：48人", ,    , ,高爾夫球場,0,0,0,0,0,0,0,0,0,0,0,0,0,0,0,0,1,1,0,0,0,0,0,0,0,0,0,0,0,0,0,0,0,0,0,0,0,0,0,0,0,0,0,0,0,0,0,0,0,0,0,0,0,0,0,0,0,0,0,0,0,0,0,0,0,0,0,0,0,0,0,0,0,0,0,0,0,0,0,0,0,0,0,0,0,0,0,0,0,0,0,0,0,0,0,0,0,0,0,0,0,0,0,0,0,0,0,0,0,0,0,0,0
97142, ,PE2088,41, 高爾夫初級,  ,1.0,002 51060,半年,必修,簡坤鐘,2,"一8,9((醫)館1F)",48,"專項運動學群,本校修課人數上限：48人", ,    , ,(醫,0,0,0,0,0,0,0,0,1,1,0,0,0,0,0,0,0,0,0,0,0,0,0,0,0,0,0,0,0,0,0,0,0,0,0,0,0,0,0,0,0,0,0,0,0,0,0,0,0,0,0,0,0,0,0,0,0,0,0,0,0,0,0,0,0,0,0,0,0,0,0,0,0,0,0,0,0,0,0,0,0,0,0,0,0,0,0,0,0,0,0,0,0,0,0,0,0,0,0,0,0,0,0,0,0,0,0,0,0,0,0,0,0
97141, ,PE2085,D7, 籃球中級,  ,1.0,002 51020,半年,必修,逄廣華,2,"三3,4(舊館羽球場)",44,"專項運動學群,本校修課人數上限：44人", ,    , ,舊館羽球場,0,0,0,0,0,0,0,0,0,0,0,0,0,0,0,0,0,0,0,0,0,0,0,0,0,0,0,0,0,0,0,0,0,1,1,0,0,0,0,0,0,0,0,0,0,0,0,0,0,0,0,0,0,0,0,0,0,0,0,0,0,0,0,0,0,0,0,0,0,0,0,0,0,0,0,0,0,0,0,0,0,0,0,0,0,0,0,0,0,0,0,0,0,0,0,0,0,0,0,0,0,0,0,0,0,0,0,0,0,0,0,0,0
97140, ,PE2085,73, 籃球中級,  ,1.0,002 51020,半年,必修,曾郁嫻,2,"三3,4(中央籃球場)",44,"專項運動學群,本校修課人數上限：44人",限修過初級或具初級能力者。,   , ,中央籃球場,0,0,0,0,0,0,0,0,0,0,0,0,0,0,0,0,0,0,0,0,0,0,0,0,0,0,0,0,0,0,0,0,0,1,1,0,0,0,0,0,0,0,0,0,0,0,0,0,0,0,0,0,0,0,0,0,0,0,0,0,0,0,0,0,0,0,0,0,0,0,0,0,0,0,0,0,0,0,0,0,0,0,0,0,0,0,0,0,0,0,0,0,0,0,0,0,0,0,0,0,0,0,0,0,0,0,0,0,0,0,0,0,0
97139, ,PE2085,72, 籃球中級,  ,1.0,002 51020,半年,必修,曾郁嫻,2,"三1,2(中央籃球場)",44,"專項運動學群 且 限女生,本校修課人數上限：44人", ,   , ,中央籃球場,0,0,0,0,0,0,0,0,0,0,0,0,0,0,0,0,0,0,0,0,0,0,0,0,0,0,0,0,0,0,0,1,1,0,0,0,0,0,0,0,0,0,0,0,0,0,0,0,0,0,0,0,0,0,0,0,0,0,0,0,0,0,0,0,0,0,0,0,0,0,0,0,0,0,0,0,0,0,0,0,0,0,0,0,0,0,0,0,0,0,0,0,0,0,0,0,0,0,0,0,0,0,0,0,0,0,0,0,0,0,0,0,0
97138, ,PE2084,71, 籃球初級,  ,1.0,002 51010,半年,必修,曾郁嫻,2,"二3,4(中央籃球場)",44,"專項運動學群,本校修課人數上限：44人", ,   , ,中央籃球場,0,0,0,0,0,0,0,0,0,0,0,0,0,0,0,0,0,0,1,1,0,0,0,0,0,0,0,0,0,0,0,0,0,0,0,0,0,0,0,0,0,0,0,0,0,0,0,0,0,0,0,0,0,0,0,0,0,0,0,0,0,0,0,0,0,0,0,0,0,0,0,0,0,0,0,0,0,0,0,0,0,0,0,0,0,0,0,0,0,0,0,0,0,0,0,0,0,0,0,0,0,0,0,0,0,0,0,0,0,0,0,0,0
97137, ,PE2084,68, 籃球初級,  ,1.0,002 51010,半年,必修,曾郁嫻,2,"一1,2(中央籃球場)",44,"專項運動學群,本校修課人數上限：44人", ,   , ,中央籃球場,0,1,1,0,0,0,0,0,0,0,0,0,0,0,0,0,0,0,0,0,0,0,0,0,0,0,0,0,0,0,0,0,0,0,0,0,0,0,0,0,0,0,0,0,0,0,0,0,0,0,0,0,0,0,0,0,0,0,0,0,0,0,0,0,0,0,0,0,0,0,0,0,0,0,0,0,0,0,0,0,0,0,0,0,0,0,0,0,0,0,0,0,0,0,0,0,0,0,0,0,0,0,0,0,0,0,0,0,0,0,0,0,0
97136, ,PE2080,P4, 排球初級,  ,1.0,002 50960,半年,必修,鐘敏華,2,"三8,9(排球場)",42,"專項運動學群,本校修課人數上限：42人", ,    , ,排球場,0,0,0,0,0,0,0,0,0,0,0,0,0,0,0,0,0,0,0,0,0,0,0,0,0,0,0,0,0,0,0,0,0,0,0,0,0,0,1,1,0,0,0,0,0,0,0,0,0,0,0,0,0,0,0,0,0,0,0,0,0,0,0,0,0,0,0,0,0,0,0,0,0,0,0,0,0,0,0,0,0,0,0,0,0,0,0,0,0,0,0,0,0,0,0,0,0,0,0,0,0,0,0,0,0,0,0,0,0,0,0,0,0
97135, ,PE2080,P3, 排球初級,  ,1.0,002 50960,半年,必修,鐘敏華,2,"三6,7(排球場)",42,"專項運動學群,本校修課人數上限：42人", ,    , ,排球場,0,0,0,0,0,0,0,0,0,0,0,0,0,0,0,0,0,0,0,0,0,0,0,0,0,0,0,0,0,0,0,0,0,0,0,0,1,1,0,0,0,0,0,0,0,0,0,0,0,0,0,0,0,0,0,0,0,0,0,0,0,0,0,0,0,0,0,0,0,0,0,0,0,0,0,0,0,0,0,0,0,0,0,0,0,0,0,0,0,0,0,0,0,0,0,0,0,0,0,0,0,0,0,0,0,0,0,0,0,0,0,0,0
97134, ,PE2080,85, 排球初級,  ,1.0,002 50960,半年,必修,呂宛蓁,2,"一6,7(排球場)",42,"專項運動學群,本校修課人數上限：42人", ,    , ,排球場,0,0,0,0,0,0,1,1,0,0,0,0,0,0,0,0,0,0,0,0,0,0,0,0,0,0,0,0,0,0,0,0,0,0,0,0,0,0,0,0,0,0,0,0,0,0,0,0,0,0,0,0,0,0,0,0,0,0,0,0,0,0,0,0,0,0,0,0,0,0,0,0,0,0,0,0,0,0,0,0,0,0,0,0,0,0,0,0,0,0,0,0,0,0,0,0,0,0,0,0,0,0,0,0,0,0,0,0,0,0,0,0,0
97133, ,PE2080,35, 排球初級,  ,1.0,002 50960,半年,必修,陳志一,2,"二3,4(排球場)",42,"專項運動學群,本校修課人數上限：42人", ,    , ,排球場,0,0,0,0,0,0,0,0,0,0,0,0,0,0,0,0,0,0,1,1,0,0,0,0,0,0,0,0,0,0,0,0,0,0,0,0,0,0,0,0,0,0,0,0,0,0,0,0,0,0,0,0,0,0,0,0,0,0,0,0,0,0,0,0,0,0,0,0,0,0,0,0,0,0,0,0,0,0,0,0,0,0,0,0,0,0,0,0,0,0,0,0,0,0,0,0,0,0,0,0,0,0,0,0,0,0,0,0,0,0,0,0,0
97132, ,PE2075,D3, 桌球中級,  ,1.0,002 50910,半年,必修,陳逸杰,2,"四3,4(綜館桌球室)",48,"專項運動學群,本校修課人數上限：48人",限修過初級或具初級能力者。請自備乾淨球鞋。,    , ,綜館桌球室,0,0,0,0,0,0,0,0,0,0,0,0,0,0,0,0,0,0,0,0,0,0,0,0,0,0,0,0,0,0,0,0,0,0,0,0,0,0,0,0,0,0,0,0,0,0,0,0,1,1,0,0,0,0,0,0,0,0,0,0,0,0,0,0,0,0,0,0,0,0,0,0,0,0,0,0,0,0,0,0,0,0,0,0,0,0,0,0,0,0,0,0,0,0,0,0,0,0,0,0,0,0,0,0,0,0,0,0,0,0,0,0,0
97131, ,PE2074,D8, 桌球初級,  ,1.0,002 50900,半年,必修,王傑賢,2,"二6,7(綜館桌球室)",48,"專項運動學群,本校修課人數上限：48人",請自備乾淨球鞋。,    , ,綜館桌球室,0,0,0,0,0,0,0,0,0,0,0,0,0,0,0,0,0,0,0,0,0,1,1,0,0,0,0,0,0,0,0,0,0,0,0,0,0,0,0,0,0,0,0,0,0,0,0,0,0,0,0,0,0,0,0,0,0,0,0,0,0,0,0,0,0,0,0,0,0,0,0,0,0,0,0,0,0,0,0,0,0,0,0,0,0,0,0,0,0,0,0,0,0,0,0,0,0,0,0,0,0,0,0,0,0,0,0,0,0,0,0,0,0
97130, ,PE2074,D1, 桌球初級,  ,1.0,002 50900,半年,必修,陳逸杰,2,"三3,4(綜館桌球室)",48,"專項運動學群,本校修課人數上限：48人",請自備乾淨球鞋。,    , ,綜館桌球室,0,0,0,0,0,0,0,0,0,0,0,0,0,0,0,0,0,0,0,0,0,0,0,0,0,0,0,0,0,0,0,0,0,1,1,0,0,0,0,0,0,0,0,0,0,0,0,0,0,0,0,0,0,0,0,0,0,0,0,0,0,0,0,0,0,0,0,0,0,0,0,0,0,0,0,0,0,0,0,0,0,0,0,0,0,0,0,0,0,0,0,0,0,0,0,0,0,0,0,0,0,0,0,0,0,0,0,0,0,0,0,0,0
97129, ,PE2074,86, 桌球初級,  ,1.0,002 50900,半年,必修,呂宛蓁,2,"一8,9(綜館桌球室)",48,"專項運動學群,本校修課人數上限：48人",請自備乾淨球鞋。,    , ,綜館桌球室,0,0,0,0,0,0,0,0,1,1,0,0,0,0,0,0,0,0,0,0,0,0,0,0,0,0,0,0,0,0,0,0,0,0,0,0,0,0,0,0,0,0,0,0,0,0,0,0,0,0,0,0,0,0,0,0,0,0,0,0,0,0,0,0,0,0,0,0,0,0,0,0,0,0,0,0,0,0,0,0,0,0,0,0,0,0,0,0,0,0,0,0,0,0,0,0,0,0,0,0,0,0,0,0,0,0,0,0,0,0,0,0,0
97128, ,PE2074,39, 桌球初級,  ,1.0,002 50900,半年,必修,林信甫,2,"二3,4(綜館桌球室)",48,"專項運動學群,本校修課人數上限：48人",請自備乾淨球鞋。英文授課。,    , ,綜館桌球室,0,0,0,0,0,0,0,0,0,0,0,0,0,0,0,0,0,0,1,1,0,0,0,0,0,0,0,0,0,0,0,0,0,0,0,0,0,0,0,0,0,0,0,0,0,0,0,0,0,0,0,0,0,0,0,0,0,0,0,0,0,0,0,0,0,0,0,0,0,0,0,0,0,0,0,0,0,0,0,0,0,0,0,0,0,0,0,0,0,0,0,0,0,0,0,0,0,0,0,0,0,0,0,0,0,0,0,0,0,0,0,0,0
97127, ,PE2074,38, 桌球初級,  ,1.0,002 50900,半年,必修,林信甫,2,"一3,4(綜館桌球室)",48,"專項運動學群,本校修課人數上限：48人",請自備乾淨球鞋。,    , ,綜館桌球室,0,0,0,1,1,0,0,0,0,0,0,0,0,0,0,0,0,0,0,0,0,0,0,0,0,0,0,0,0,0,0,0,0,0,0,0,0,0,0,0,0,0,0,0,0,0,0,0,0,0,0,0,0,0,0,0,0,0,0,0,0,0,0,0,0,0,0,0,0,0,0,0,0,0,0,0,0,0,0,0,0,0,0,0,0,0,0,0,0,0,0,0,0,0,0,0,0,0,0,0,0,0,0,0,0,0,0,0,0,0,0,0,0
97126, ,PE2074,37, 桌球初級,  ,1.0,002 50900,半年,必修,林信甫,2,"一1,2(綜館桌球室)",48,"專項運動學群,本校修課人數上限：48人",請自備乾淨球鞋。,    , ,綜館桌球室,0,1,1,0,0,0,0,0,0,0,0,0,0,0,0,0,0,0,0,0,0,0,0,0,0,0,0,0,0,0,0,0,0,0,0,0,0,0,0,0,0,0,0,0,0,0,0,0,0,0,0,0,0,0,0,0,0,0,0,0,0,0,0,0,0,0,0,0,0,0,0,0,0,0,0,0,0,0,0,0,0,0,0,0,0,0,0,0,0,0,0,0,0,0,0,0,0,0,0,0,0,0,0,0,0,0,0,0,0,0,0,0,0
97125, ,PE2072,53, 足球中級,  ,1.0,002 50870,半年,必修,楊裕隆,2,"三8,9(足球場)",44,"專項運動學群,本校修課人數上限：44人", ,   , ,足球場,0,0,0,0,0,0,0,0,0,0,0,0,0,0,0,0,0,0,0,0,0,0,0,0,0,0,0,0,0,0,0,0,0,0,0,0,0,0,1,1,0,0,0,0,0,0,0,0,0,0,0,0,0,0,0,0,0,0,0,0,0,0,0,0,0,0,0,0,0,0,0,0,0,0,0,0,0,0,0,0,0,0,0,0,0,0,0,0,0,0,0,0,0,0,0,0,0,0,0,0,0,0,0,0,0,0,0,0,0,0,0,0,0
97124, ,PE2071,51, 足球初級,  ,1.0,002 50860,半年,必修,楊裕隆,2,"二8,9(足球場)",44,"專項運動學群,本校修課人數上限：44人", ,   , ,足球場,0,0,0,0,0,0,0,0,0,0,0,0,0,0,0,0,0,0,0,0,0,0,0,1,1,0,0,0,0,0,0,0,0,0,0,0,0,0,0,0,0,0,0,0,0,0,0,0,0,0,0,0,0,0,0,0,0,0,0,0,0,0,0,0,0,0,0,0,0,0,0,0,0,0,0,0,0,0,0,0,0,0,0,0,0,0,0,0,0,0,0,0,0,0,0,0,0,0,0,0,0,0,0,0,0,0,0,0,0,0,0,0,0
97123, ,PE2071,31, 足球初級,  ,1.0,002 50860,半年,必修,莊泰源,2,"二3,4(籃球A~E)",44,"專項運動學群 且 限男生,本校修課人數上限：44人", ,    , ,籃球A~E,0,0,0,0,0,0,0,0,0,0,0,0,0,0,0,0,0,0,1,1,0,0,0,0,0,0,0,0,0,0,0,0,0,0,0,0,0,0,0,0,0,0,0,0,0,0,0,0,0,0,0,0,0,0,0,0,0,0,0,0,0,0,0,0,0,0,0,0,0,0,0,0,0,0,0,0,0,0,0,0,0,0,0,0,0,0,0,0,0,0,0,0,0,0,0,0,0,0,0,0,0,0,0,0,0,0,0,0,0,0,0,0,0
97122, ,PE2065,36, 羽球中級,  ,1.0,002 50790,半年,必修,陳志一,2,"二6,7(綜館多功能)",48,"專項運動學群,本校修課人數上限：48人",限修過初級或具初級能力者。請自備乾淨球鞋。,    , ,綜館多功能,0,0,0,0,0,0,0,0,0,0,0,0,0,0,0,0,0,0,0,0,0,1,1,0,0,0,0,0,0,0,0,0,0,0,0,0,0,0,0,0,0,0,0,0,0,0,0,0,0,0,0,0,0,0,0,0,0,0,0,0,0,0,0,0,0,0,0,0,0,0,0,0,0,0,0,0,0,0,0,0,0,0,0,0,0,0,0,0,0,0,0,0,0,0,0,0,0,0,0,0,0,0,0,0,0,0,0,0,0,0,0,0,0
97121, ,PE2065,34, 羽球中級,  ,1.0,002 50790,半年,必修,陳志一,2,"一8,9(綜館多功能)",48,"專項運動學群,本校修課人數上限：48人",限修過初級或具初級能力者。請自備乾淨球鞋。,    , ,綜館多功能,0,0,0,0,0,0,0,0,1,1,0,0,0,0,0,0,0,0,0,0,0,0,0,0,0,0,0,0,0,0,0,0,0,0,0,0,0,0,0,0,0,0,0,0,0,0,0,0,0,0,0,0,0,0,0,0,0,0,0,0,0,0,0,0,0,0,0,0,0,0,0,0,0,0,0,0,0,0,0,0,0,0,0,0,0,0,0,0,0,0,0,0,0,0,0,0,0,0,0,0,0,0,0,0,0,0,0,0,0,0,0,0,0
97120, ,PE2064,P7, 羽球初級,  ,1.0,002 50780,半年,選修,李坤培,2,"四8,9(綜館多功能)",48,"專項運動學群,本校修課人數上限：48人",請自備乾淨球鞋。,    , ,綜館多功能,0,0,0,0,0,0,0,0,0,0,0,0,0,0,0,0,0,0,0,0,0,0,0,0,0,0,0,0,0,0,0,0,0,0,0,0,0,0,0,0,0,0,0,0,0,0,0,0,0,0,0,0,0,1,1,0,0,0,0,0,0,0,0,0,0,0,0,0,0,0,0,0,0,0,0,0,0,0,0,0,0,0,0,0,0,0,0,0,0,0,0,0,0,0,0,0,0,0,0,0,0,0,0,0,0,0,0,0,0,0,0,0,0
97119, ,PE2064,P5, 羽球初級,  ,1.0,002 50780,半年,必修,李坤培,2,"二8,9(舊館羽球場)",36,"專項運動學群,本校修課人數上限：36人", ,    , ,舊館羽球場,0,0,0,0,0,0,0,0,0,0,0,0,0,0,0,0,0,0,0,0,0,0,0,1,1,0,0,0,0,0,0,0,0,0,0,0,0,0,0,0,0,0,0,0,0,0,0,0,0,0,0,0,0,0,0,0,0,0,0,0,0,0,0,0,0,0,0,0,0,0,0,0,0,0,0,0,0,0,0,0,0,0,0,0,0,0,0,0,0,0,0,0,0,0,0,0,0,0,0,0,0,0,0,0,0,0,0,0,0,0,0,0,0
97118, ,PE2064,91, 羽球初級,  ,1.0,002 50780,半年,必修,洪巧菱,2,"三8,9(舊館羽球場)",40,"專項運動學群,本校修課人數上限：40人", ,    , ,舊館羽球場,0,0,0,0,0,0,0,0,0,0,0,0,0,0,0,0,0,0,0,0,0,0,0,0,0,0,0,0,0,0,0,0,0,0,0,0,0,0,1,1,0,0,0,0,0,0,0,0,0,0,0,0,0,0,0,0,0,0,0,0,0,0,0,0,0,0,0,0,0,0,0,0,0,0,0,0,0,0,0,0,0,0,0,0,0,0,0,0,0,0,0,0,0,0,0,0,0,0,0,0,0,0,0,0,0,0,0,0,0,0,0,0,0
97117, ,PE2064,82, 羽球初級,  ,1.0,002 50780,半年,必修,連家瑩,2,"三6,7(舊館羽球場)",40,"專項運動學群,本校修課人數上限：40人",英文授課。,    , ,舊館羽球場,0,0,0,0,0,0,0,0,0,0,0,0,0,0,0,0,0,0,0,0,0,0,0,0,0,0,0,0,0,0,0,0,0,0,0,0,1,1,0,0,0,0,0,0,0,0,0,0,0,0,0,0,0,0,0,0,0,0,0,0,0,0,0,0,0,0,0,0,0,0,0,0,0,0,0,0,0,0,0,0,0,0,0,0,0,0,0,0,0,0,0,0,0,0,0,0,0,0,0,0,0,0,0,0,0,0,0,0,0,0,0,0,0
97116, ,PE2064,81, 羽球初級,  ,1.0,002 50780,半年,必修,連家瑩,2,"三1,2((醫)館1F)",48,"專項運動學群,本校修課人數上限：48人",請自備乾淨球鞋。,    , ,(醫,0,0,0,0,0,0,0,0,0,0,0,0,0,0,0,0,0,0,0,0,0,0,0,0,0,0,0,0,0,0,0,1,1,0,0,0,0,0,0,0,0,0,0,0,0,0,0,0,0,0,0,0,0,0,0,0,0,0,0,0,0,0,0,0,0,0,0,0,0,0,0,0,0,0,0,0,0,0,0,0,0,0,0,0,0,0,0,0,0,0,0,0,0,0,0,0,0,0,0,0,0,0,0,0,0,0,0,0,0,0,0,0,0
97115, ,PE2064,80, 羽球初級,  ,1.0,002 50780,半年,必修,連家瑩,2,"二3,4(舊館羽球場)",40,"專項運動學群,本校修課人數上限：40人", ,    , ,舊館羽球場,0,0,0,0,0,0,0,0,0,0,0,0,0,0,0,0,0,0,1,1,0,0,0,0,0,0,0,0,0,0,0,0,0,0,0,0,0,0,0,0,0,0,0,0,0,0,0,0,0,0,0,0,0,0,0,0,0,0,0,0,0,0,0,0,0,0,0,0,0,0,0,0,0,0,0,0,0,0,0,0,0,0,0,0,0,0,0,0,0,0,0,0,0,0,0,0,0,0,0,0,0,0,0,0,0,0,0,0,0,0,0,0,0
97114, ,PE2064,57, 羽球初級,  ,1.0,002 50780,半年,必修,呂碧琴,2,"一3,4(綜館多功能)",48,"專項運動學群,本校修課人數上限：48人",請自備乾淨球鞋。,    , ,綜館多功能,0,0,0,1,1,0,0,0,0,0,0,0,0,0,0,0,0,0,0,0,0,0,0,0,0,0,0,0,0,0,0,0,0,0,0,0,0,0,0,0,0,0,0,0,0,0,0,0,0,0,0,0,0,0,0,0,0,0,0,0,0,0,0,0,0,0,0,0,0,0,0,0,0,0,0,0,0,0,0,0,0,0,0,0,0,0,0,0,0,0,0,0,0,0,0,0,0,0,0,0,0,0,0,0,0,0,0,0,0,0,0,0,0
97113, ,PE2064,56, 羽球初級,  ,1.0,002 50780,半年,必修,呂碧琴,2,"一1,2(舊館羽球場)",36,"專項運動學群,本校修課人數上限：36人",請自備乾淨球鞋。,    , ,舊館羽球場,0,1,1,0,0,0,0,0,0,0,0,0,0,0,0,0,0,0,0,0,0,0,0,0,0,0,0,0,0,0,0,0,0,0,0,0,0,0,0,0,0,0,0,0,0,0,0,0,0,0,0,0,0,0,0,0,0,0,0,0,0,0,0,0,0,0,0,0,0,0,0,0,0,0,0,0,0,0,0,0,0,0,0,0,0,0,0,0,0,0,0,0,0,0,0,0,0,0,0,0,0,0,0,0,0,0,0,0,0,0,0,0,0
97112, ,PE2064,15, 羽球初級,  ,1.0,002 50780,半年,必修,黃國恩,2,"一3,4((醫)館1F)",48,"專項運動學群,本校修課人數上限：48人",請自備乾淨球鞋。,    , ,(醫,0,0,0,1,1,0,0,0,0,0,0,0,0,0,0,0,0,0,0,0,0,0,0,0,0,0,0,0,0,0,0,0,0,0,0,0,0,0,0,0,0,0,0,0,0,0,0,0,0,0,0,0,0,0,0,0,0,0,0,0,0,0,0,0,0,0,0,0,0,0,0,0,0,0,0,0,0,0,0,0,0,0,0,0,0,0,0,0,0,0,0,0,0,0,0,0,0,0,0,0,0,0,0,0,0,0,0,0,0,0,0,0,0
97111, ,PE2064,14, 羽球初級,  ,1.0,002 50780,半年,必修,黃國恩,2,"一1,2((醫)館1F)",48,"專項運動學群,本校修課人數上限：48人",請自備乾淨球鞋。,    , ,(醫,0,1,1,0,0,0,0,0,0,0,0,0,0,0,0,0,0,0,0,0,0,0,0,0,0,0,0,0,0,0,0,0,0,0,0,0,0,0,0,0,0,0,0,0,0,0,0,0,0,0,0,0,0,0,0,0,0,0,0,0,0,0,0,0,0,0,0,0,0,0,0,0,0,0,0,0,0,0,0,0,0,0,0,0,0,0,0,0,0,0,0,0,0,0,0,0,0,0,0,0,0,0,0,0,0,0,0,0,0,0,0,0,0
97110, ,PE2064,13, 羽球初級,  ,1.0,002 50780,半年,必修,黃欽永,2,"三8,9(綜館多功能)",48,"專項運動學群,本校修課人數上限：48人",請自備乾淨球鞋。,    , ,綜館多功能,0,0,0,0,0,0,0,0,0,0,0,0,0,0,0,0,0,0,0,0,0,0,0,0,0,0,0,0,0,0,0,0,0,0,0,0,0,0,1,1,0,0,0,0,0,0,0,0,0,0,0,0,0,0,0,0,0,0,0,0,0,0,0,0,0,0,0,0,0,0,0,0,0,0,0,0,0,0,0,0,0,0,0,0,0,0,0,0,0,0,0,0,0,0,0,0,0,0,0,0,0,0,0,0,0,0,0,0,0,0,0,0,0
97109, ,PE2064,12, 羽球初級,  ,1.0,002 50780,半年,必修,黃欽永,2,"三6,7(綜館多功能)",48,"專項運動學群,本校修課人數上限：48人",請自備乾淨球鞋。,    , ,綜館多功能,0,0,0,0,0,0,0,0,0,0,0,0,0,0,0,0,0,0,0,0,0,0,0,0,0,0,0,0,0,0,0,0,0,0,0,0,1,1,0,0,0,0,0,0,0,0,0,0,0,0,0,0,0,0,0,0,0,0,0,0,0,0,0,0,0,0,0,0,0,0,0,0,0,0,0,0,0,0,0,0,0,0,0,0,0,0,0,0,0,0,0,0,0,0,0,0,0,0,0,0,0,0,0,0,0,0,0,0,0,0,0,0,0
97108, ,PE2064,09, 羽球初級,  ,1.0,002 50780,半年,必修,黃欽永,2,"一6,7(舊館羽球場)",36,"專項運動學群,本校修課人數上限：36人", ,    , ,舊館羽球場,0,0,0,0,0,0,1,1,0,0,0,0,0,0,0,0,0,0,0,0,0,0,0,0,0,0,0,0,0,0,0,0,0,0,0,0,0,0,0,0,0,0,0,0,0,0,0,0,0,0,0,0,0,0,0,0,0,0,0,0,0,0,0,0,0,0,0,0,0,0,0,0,0,0,0,0,0,0,0,0,0,0,0,0,0,0,0,0,0,0,0,0,0,0,0,0,0,0,0,0,0,0,0,0,0,0,0,0,0,0,0,0,0
97107, ,PE2064,07, 羽球初級,  ,1.0,002 50780,半年,必修,陳美莉,2,"三3,4(綜館多功能)",48,"專項運動學群,本校修課人數上限：48人",請自備乾淨球鞋。,    , ,綜館多功能,0,0,0,0,0,0,0,0,0,0,0,0,0,0,0,0,0,0,0,0,0,0,0,0,0,0,0,0,0,0,0,0,0,1,1,0,0,0,0,0,0,0,0,0,0,0,0,0,0,0,0,0,0,0,0,0,0,0,0,0,0,0,0,0,0,0,0,0,0,0,0,0,0,0,0,0,0,0,0,0,0,0,0,0,0,0,0,0,0,0,0,0,0,0,0,0,0,0,0,0,0,0,0,0,0,0,0,0,0,0,0,0,0
97106, ,PE2064,06, 羽球初級,  ,1.0,002 50780,半年,必修,陳美莉,2,"三1,2(舊館羽球場)",36,"專項運動學群,本校修課人數上限：36人", ,    , ,舊館羽球場,0,0,0,0,0,0,0,0,0,0,0,0,0,0,0,0,0,0,0,0,0,0,0,0,0,0,0,0,0,0,0,1,1,0,0,0,0,0,0,0,0,0,0,0,0,0,0,0,0,0,0,0,0,0,0,0,0,0,0,0,0,0,0,0,0,0,0,0,0,0,0,0,0,0,0,0,0,0,0,0,0,0,0,0,0,0,0,0,0,0,0,0,0,0,0,0,0,0,0,0,0,0,0,0,0,0,0,0,0,0,0,0,0
97105, ,PE2064,05, 羽球初級,  ,1.0,002 50780,半年,必修,陳美莉,2,"二3,4(綜館多功能)",48,"專項運動學群,本校修課人數上限：48人",請自備乾淨球鞋。,    , ,綜館多功能,0,0,0,0,0,0,0,0,0,0,0,0,0,0,0,0,0,0,1,1,0,0,0,0,0,0,0,0,0,0,0,0,0,0,0,0,0,0,0,0,0,0,0,0,0,0,0,0,0,0,0,0,0,0,0,0,0,0,0,0,0,0,0,0,0,0,0,0,0,0,0,0,0,0,0,0,0,0,0,0,0,0,0,0,0,0,0,0,0,0,0,0,0,0,0,0,0,0,0,0,0,0,0,0,0,0,0,0,0,0,0,0,0
97104, ,PE2064,04, 羽球初級,  ,1.0,002 50780,半年,必修,陳美莉,2,"二1,2(綜館多功能)",48,"專項運動學群,本校修課人數上限：48人",請自備乾淨球鞋。,    , ,綜館多功能,0,0,0,0,0,0,0,0,0,0,0,0,0,0,0,0,1,1,0,0,0,0,0,0,0,0,0,0,0,0,0,0,0,0,0,0,0,0,0,0,0,0,0,0,0,0,0,0,0,0,0,0,0,0,0,0,0,0,0,0,0,0,0,0,0,0,0,0,0,0,0,0,0,0,0,0,0,0,0,0,0,0,0,0,0,0,0,0,0,0,0,0,0,0,0,0,0,0,0,0,0,0,0,0,0,0,0,0,0,0,0,0,0
97103, ,PE2064,02, 羽球初級,  ,1.0,002 50780,半年,必修,李坤培,2,"四6,7(綜館多功能)",48,"專項運動學群,本校修課人數上限：48人",請自備乾淨球鞋。,    , ,綜館多功能,0,0,0,0,0,0,0,0,0,0,0,0,0,0,0,0,0,0,0,0,0,0,0,0,0,0,0,0,0,0,0,0,0,0,0,0,0,0,0,0,0,0,0,0,0,0,0,0,0,0,0,1,1,0,0,0,0,0,0,0,0,0,0,0,0,0,0,0,0,0,0,0,0,0,0,0,0,0,0,0,0,0,0,0,0,0,0,0,0,0,0,0,0,0,0,0,0,0,0,0,0,0,0,0,0,0,0,0,0,0,0,0,0
97102, ,PE2055,D5, 水球,  ,1.0,002 50650,半年,必修,黃英哲,2,"五8,9(戶外游泳池)",40,"專項運動學群,本校修課人數上限：40人", ,   , ,戶外游泳池,0,0,0,0,0,0,0,0,0,0,0,0,0,0,0,0,0,0,0,0,0,0,0,0,0,0,0,0,0,0,0,0,0,0,0,0,0,0,0,0,0,0,0,0,0,0,0,0,0,0,0,0,0,0,0,0,0,0,0,0,0,0,0,0,0,0,0,0,1,1,0,0,0,0,0,0,0,0,0,0,0,0,0,0,0,0,0,0,0,0,0,0,0,0,0,0,0,0,0,0,0,0,0,0,0,0,0,0,0,0,0,0,0
97101, ,PE2054,A9, 游泳中級,  ,1.0,002 50640,半年,必修,林謙如,2,"三6,7(戶外游泳池)",40,"專項運動學群,本校修課人數上限：40人",須具備初級游泳能力(蛙式、自由式50m以上的距離)。,    , ,戶外游泳池,0,0,0,0,0,0,0,0,0,0,0,0,0,0,0,0,0,0,0,0,0,0,0,0,0,0,0,0,0,0,0,0,0,0,0,0,1,1,0,0,0,0,0,0,0,0,0,0,0,0,0,0,0,0,0,0,0,0,0,0,0,0,0,0,0,0,0,0,0,0,0,0,0,0,0,0,0,0,0,0,0,0,0,0,0,0,0,0,0,0,0,0,0,0,0,0,0,0,0,0,0,0,0,0,0,0,0,0,0,0,0,0,0
97100, ,PE2053,B3, 游泳初級,  ,1.0,002 50630,半年,必修,林謙如,2,"五6,7(戶外游泳池)",40,"專項運動學群,本校修課人數上限：40人", ,    , ,戶外游泳池,0,0,0,0,0,0,0,0,0,0,0,0,0,0,0,0,0,0,0,0,0,0,0,0,0,0,0,0,0,0,0,0,0,0,0,0,0,0,0,0,0,0,0,0,0,0,0,0,0,0,0,0,0,0,0,0,0,0,0,0,0,0,0,0,0,0,1,1,0,0,0,0,0,0,0,0,0,0,0,0,0,0,0,0,0,0,0,0,0,0,0,0,0,0,0,0,0,0,0,0,0,0,0,0,0,0,0,0,0,0,0,0,0
97099, ,PE2053,B2, 游泳初級,  ,1.0,002 50630,半年,必修,林謙如,2,"五3,4(戶外游泳池)",40,"專項運動學群,本校修課人數上限：40人", ,    , ,戶外游泳池,0,0,0,0,0,0,0,0,0,0,0,0,0,0,0,0,0,0,0,0,0,0,0,0,0,0,0,0,0,0,0,0,0,0,0,0,0,0,0,0,0,0,0,0,0,0,0,0,0,0,0,0,0,0,0,0,0,0,0,0,0,0,0,1,1,0,0,0,0,0,0,0,0,0,0,0,0,0,0,0,0,0,0,0,0,0,0,0,0,0,0,0,0,0,0,0,0,0,0,0,0,0,0,0,0,0,0,0,0,0,0,0,0
97098, ,PE2050,C4, 手球初級,  ,1.0,002 50580,半年,必修,許君恆,2,"三3,4(人工草皮球場)",32,"專項運動學群,本校修課人數上限：32人", ,    , ,人工草皮球場,0,0,0,0,0,0,0,0,0,0,0,0,0,0,0,0,0,0,0,0,0,0,0,0,0,0,0,0,0,0,0,0,0,1,1,0,0,0,0,0,0,0,0,0,0,0,0,0,0,0,0,0,0,0,0,0,0,0,0,0,0,0,0,0,0,0,0,0,0,0,0,0,0,0,0,0,0,0,0,0,0,0,0,0,0,0,0,0,0,0,0,0,0,0,0,0,0,0,0,0,0,0,0,0,0,0,0,0,0,0,0,0,0
97097, ,PE5002,C6, 手球中級,  ,1.0,002 50570,半年,必修,許君恆,2,"五3,4(舊館羽球場)",36,"專項運動學群,本校修課人數上限：36人",歡迎從未接觸手球的同學選修。,    , ,舊館羽球場,0,0,0,0,0,0,0,0,0,0,0,0,0,0,0,0,0,0,0,0,0,0,0,0,0,0,0,0,0,0,0,0,0,0,0,0,0,0,0,0,0,0,0,0,0,0,0,0,0,0,0,0,0,0,0,0,0,0,0,0,0,0,0,1,1,0,0,0,0,0,0,0,0,0,0,0,0,0,0,0,0,0,0,0,0,0,0,0,0,0,0,0,0,0,0,0,0,0,0,0,0,0,0,0,0,0,0,0,0,0,0,0,0
97096, ,PE5002,10, 手球中級,  ,1.0,002 50570,半年,必修,黃欽永,2,"一8,9(舊館羽球場)",48,"專項運動學群,本校修課人數上限：48人",歡迎從未接觸手球的同學選修。,    , ,舊館羽球場,0,0,0,0,0,0,0,0,1,1,0,0,0,0,0,0,0,0,0,0,0,0,0,0,0,0,0,0,0,0,0,0,0,0,0,0,0,0,0,0,0,0,0,0,0,0,0,0,0,0,0,0,0,0,0,0,0,0,0,0,0,0,0,0,0,0,0,0,0,0,0,0,0,0,0,0,0,0,0,0,0,0,0,0,0,0,0,0,0,0,0,0,0,0,0,0,0,0,0,0,0,0,0,0,0,0,0,0,0,0,0,0,0
97095, ,PE2041,95, 柔道初級,  ,1.0,002 50440,半年,必修,蘇玫尹,2,"一6,7(綜館柔道室)",35,"專項運動學群,本校修課人數上限：35人",請自備乾淨球鞋。,    , ,綜館柔道室,0,0,0,0,0,0,1,1,0,0,0,0,0,0,0,0,0,0,0,0,0,0,0,0,0,0,0,0,0,0,0,0,0,0,0,0,0,0,0,0,0,0,0,0,0,0,0,0,0,0,0,0,0,0,0,0,0,0,0,0,0,0,0,0,0,0,0,0,0,0,0,0,0,0,0,0,0,0,0,0,0,0,0,0,0,0,0,0,0,0,0,0,0,0,0,0,0,0,0,0,0,0,0,0,0,0,0,0,0,0,0,0,0
97094, ,PE2041,18, 柔道初級,  ,1.0,002 50440,半年,必修,黃國恩,2,"三3,4(綜館柔道室)",40,"專項運動學群,本校修課人數上限：40人",請自備柔道服。,    , ,綜館柔道室,0,0,0,0,0,0,0,0,0,0,0,0,0,0,0,0,0,0,0,0,0,0,0,0,0,0,0,0,0,0,0,0,0,1,1,0,0,0,0,0,0,0,0,0,0,0,0,0,0,0,0,0,0,0,0,0,0,0,0,0,0,0,0,0,0,0,0,0,0,0,0,0,0,0,0,0,0,0,0,0,0,0,0,0,0,0,0,0,0,0,0,0,0,0,0,0,0,0,0,0,0,0,0,0,0,0,0,0,0,0,0,0,0
97093, ,PE2041,17, 柔道初級,  ,1.0,002 50440,半年,必修,黃國恩,2,"三1,2(綜館柔道室)",40,"專項運動學群,本校修課人數上限：40人",請自備柔道服。,    , ,綜館柔道室,0,0,0,0,0,0,0,0,0,0,0,0,0,0,0,0,0,0,0,0,0,0,0,0,0,0,0,0,0,0,0,1,1,0,0,0,0,0,0,0,0,0,0,0,0,0,0,0,0,0,0,0,0,0,0,0,0,0,0,0,0,0,0,0,0,0,0,0,0,0,0,0,0,0,0,0,0,0,0,0,0,0,0,0,0,0,0,0,0,0,0,0,0,0,0,0,0,0,0,0,0,0,0,0,0,0,0,0,0,0,0,0,0
97092, ,PE2041,16, 柔道初級,  ,1.0,002 50440,半年,必修,黃國恩,2,"二1,2(綜館柔道室)",40,"專項運動學群,本校修課人數上限：40人",請自備柔道服。,    , ,綜館柔道室,0,0,0,0,0,0,0,0,0,0,0,0,0,0,0,0,1,1,0,0,0,0,0,0,0,0,0,0,0,0,0,0,0,0,0,0,0,0,0,0,0,0,0,0,0,0,0,0,0,0,0,0,0,0,0,0,0,0,0,0,0,0,0,0,0,0,0,0,0,0,0,0,0,0,0,0,0,0,0,0,0,0,0,0,0,0,0,0,0,0,0,0,0,0,0,0,0,0,0,0,0,0,0,0,0,0,0,0,0,0,0,0,0
97091, ,PE2036,F6, 太極拳初級,  ,1.0,002 50390,半年,必修,施登堯,2,"三3,4(綜館技擊AB)",50,"專項運動學群,本校修課人數上限：50人",請自備乾淨球鞋。,    , ,綜館技擊AB,0,0,0,0,0,0,0,0,0,0,0,0,0,0,0,0,0,0,0,0,0,0,0,0,0,0,0,0,0,0,0,0,0,1,1,0,0,0,0,0,0,0,0,0,0,0,0,0,0,0,0,0,0,0,0,0,0,0,0,0,0,0,0,0,0,0,0,0,0,0,0,0,0,0,0,0,0,0,0,0,0,0,0,0,0,0,0,0,0,0,0,0,0,0,0,0,0,0,0,0,0,0,0,0,0,0,0,0,0,0,0,0,0
97090, ,PE2036,22, 太極拳初級,  ,1.0,002 50390,半年,必修,游添燈,2,"二3,4(綜館技擊AB)",50,"專項運動學群,本校修課人數上限：50人",請自備乾淨球鞋。,    , ,綜館技擊AB,0,0,0,0,0,0,0,0,0,0,0,0,0,0,0,0,0,0,1,1,0,0,0,0,0,0,0,0,0,0,0,0,0,0,0,0,0,0,0,0,0,0,0,0,0,0,0,0,0,0,0,0,0,0,0,0,0,0,0,0,0,0,0,0,0,0,0,0,0,0,0,0,0,0,0,0,0,0,0,0,0,0,0,0,0,0,0,0,0,0,0,0,0,0,0,0,0,0,0,0,0,0,0,0,0,0,0,0,0,0,0,0,0
97089, ,PE2036,21, 太極拳初級,  ,1.0,002 50390,半年,必修,游添燈,2,"二1,2(綜館技擊AB)",50,"專項運動學群,本校修課人數上限：50人",請自備乾淨球鞋。,    , ,綜館技擊AB,0,0,0,0,0,0,0,0,0,0,0,0,0,0,0,0,1,1,0,0,0,0,0,0,0,0,0,0,0,0,0,0,0,0,0,0,0,0,0,0,0,0,0,0,0,0,0,0,0,0,0,0,0,0,0,0,0,0,0,0,0,0,0,0,0,0,0,0,0,0,0,0,0,0,0,0,0,0,0,0,0,0,0,0,0,0,0,0,0,0,0,0,0,0,0,0,0,0,0,0,0,0,0,0,0,0,0,0,0,0,0,0,0
97088, ,PE2036,20, 太極拳初級,  ,1.0,002 50390,半年,必修,游添燈,2,"一3,4(綜館技擊AB)",50,"專項運動學群,本校修課人數上限：50人",請自備乾淨球鞋。,    , ,綜館技擊AB,0,0,0,1,1,0,0,0,0,0,0,0,0,0,0,0,0,0,0,0,0,0,0,0,0,0,0,0,0,0,0,0,0,0,0,0,0,0,0,0,0,0,0,0,0,0,0,0,0,0,0,0,0,0,0,0,0,0,0,0,0,0,0,0,0,0,0,0,0,0,0,0,0,0,0,0,0,0,0,0,0,0,0,0,0,0,0,0,0,0,0,0,0,0,0,0,0,0,0,0,0,0,0,0,0,0,0,0,0,0,0,0,0
97087, ,PE2036,19, 太極拳初級,  ,1.0,002 50390,半年,必修,游添燈,2,"一1,2(綜館技擊AB)",50,"專項運動學群,本校修課人數上限：50人",請自備乾淨球鞋。,    , ,綜館技擊AB,0,1,1,0,0,0,0,0,0,0,0,0,0,0,0,0,0,0,0,0,0,0,0,0,0,0,0,0,0,0,0,0,0,0,0,0,0,0,0,0,0,0,0,0,0,0,0,0,0,0,0,0,0,0,0,0,0,0,0,0,0,0,0,0,0,0,0,0,0,0,0,0,0,0,0,0,0,0,0,0,0,0,0,0,0,0,0,0,0,0,0,0,0,0,0,0,0,0,0,0,0,0,0,0,0,0,0,0,0,0,0,0,0
97086, ,PE2034,23, 太極劍,  ,1.0,002 50370,半年,必修,游添燈,2,"三1,2(綜館技擊AB)",50,"專項運動學群,本校修課人數上限：50人",請自備乾淨球鞋。上課地點：綜館技擊ABC。,    , ,綜館技擊AB,0,0,0,0,0,0,0,0,0,0,0,0,0,0,0,0,0,0,0,0,0,0,0,0,0,0,0,0,0,0,0,1,1,0,0,0,0,0,0,0,0,0,0,0,0,0,0,0,0,0,0,0,0,0,0,0,0,0,0,0,0,0,0,0,0,0,0,0,0,0,0,0,0,0,0,0,0,0,0,0,0,0,0,0,0,0,0,0,0,0,0,0,0,0,0,0,0,0,0,0,0,0,0,0,0,0,0,0,0,0,0,0,0
97085, ,PE2032,J8, 民族舞蹈,  ,1.0,002 50330,半年,必修,林子文,2,"五3,4(綜館韻律室)",40,"專項運動學群,本校修課人數上限：40人",請自備乾淨球鞋。,    , ,綜館韻律室,0,0,0,0,0,0,0,0,0,0,0,0,0,0,0,0,0,0,0,0,0,0,0,0,0,0,0,0,0,0,0,0,0,0,0,0,0,0,0,0,0,0,0,0,0,0,0,0,0,0,0,0,0,0,0,0,0,0,0,0,0,0,0,1,1,0,0,0,0,0,0,0,0,0,0,0,0,0,0,0,0,0,0,0,0,0,0,0,0,0,0,0,0,0,0,0,0,0,0,0,0,0,0,0,0,0,0,0,0,0,0,0,0
97084, ,PE2030,I2, 標準舞,  ,1.0,002 50310,半年,必修,王學富,2,"三6,7(綜館舞蹈室)",48,"專項運動學群,本校修課人數上限：48人",請自備乾淨球鞋。,   , ,綜館舞蹈室,0,0,0,0,0,0,0,0,0,0,0,0,0,0,0,0,0,0,0,0,0,0,0,0,0,0,0,0,0,0,0,0,0,0,0,0,1,1,0,0,0,0,0,0,0,0,0,0,0,0,0,0,0,0,0,0,0,0,0,0,0,0,0,0,0,0,0,0,0,0,0,0,0,0,0,0,0,0,0,0,0,0,0,0,0,0,0,0,0,0,0,0,0,0,0,0,0,0,0,0,0,0,0,0,0,0,0,0,0,0,0,0,0
97083, ,PE2028,77, 現代舞,  ,1.0,002 50290,半年,必修,李文心,2,"三6,7(綜館韻律室)",40,"專項運動學群,本校修課人數上限：40人",請自備乾淨球鞋。,    , ,綜館韻律室,0,0,0,0,0,0,0,0,0,0,0,0,0,0,0,0,0,0,0,0,0,0,0,0,0,0,0,0,0,0,0,0,0,0,0,0,1,1,0,0,0,0,0,0,0,0,0,0,0,0,0,0,0,0,0,0,0,0,0,0,0,0,0,0,0,0,0,0,0,0,0,0,0,0,0,0,0,0,0,0,0,0,0,0,0,0,0,0,0,0,0,0,0,0,0,0,0,0,0,0,0,0,0,0,0,0,0,0,0,0,0,0,0
97082, ,PE2028,75, 現代舞,  ,1.0,002 50290,半年,必修,李文心,2,"二6,7(綜館韻律室)",40,"專項運動學群,本校修課人數上限：40人",請自備乾淨球鞋。,    , ,綜館韻律室,0,0,0,0,0,0,0,0,0,0,0,0,0,0,0,0,0,0,0,0,0,1,1,0,0,0,0,0,0,0,0,0,0,0,0,0,0,0,0,0,0,0,0,0,0,0,0,0,0,0,0,0,0,0,0,0,0,0,0,0,0,0,0,0,0,0,0,0,0,0,0,0,0,0,0,0,0,0,0,0,0,0,0,0,0,0,0,0,0,0,0,0,0,0,0,0,0,0,0,0,0,0,0,0,0,0,0,0,0,0,0,0,0
97081, ,PE2028,74, 現代舞,  ,1.0,002 50290,半年,必修,李文心,2,"一6,7(綜館韻律室)",40,"專項運動學群,本校修課人數上限：40人",請自備乾淨球鞋。,    , ,綜館韻律室,0,0,0,0,0,0,1,1,0,0,0,0,0,0,0,0,0,0,0,0,0,0,0,0,0,0,0,0,0,0,0,0,0,0,0,0,0,0,0,0,0,0,0,0,0,0,0,0,0,0,0,0,0,0,0,0,0,0,0,0,0,0,0,0,0,0,0,0,0,0,0,0,0,0,0,0,0,0,0,0,0,0,0,0,0,0,0,0,0,0,0,0,0,0,0,0,0,0,0,0,0,0,0,0,0,0,0,0,0,0,0,0,0
97080, ,PE2025,H7, 土風舞,  ,1.0,002 50260,半年,必修,魏豐閔,2,"五3,4(綜館舞蹈室)",44,"專項運動學群,本校修課人數上限：44人",請自備乾淨球鞋。雙語授課。,    , ,綜館舞蹈室,0,0,0,0,0,0,0,0,0,0,0,0,0,0,0,0,0,0,0,0,0,0,0,0,0,0,0,0,0,0,0,0,0,0,0,0,0,0,0,0,0,0,0,0,0,0,0,0,0,0,0,0,0,0,0,0,0,0,0,0,0,0,0,1,1,0,0,0,0,0,0,0,0,0,0,0,0,0,0,0,0,0,0,0,0,0,0,0,0,0,0,0,0,0,0,0,0,0,0,0,0,0,0,0,0,0,0,0,0,0,0,0,0
97079, ,PE1005,40, 適應體育(肢體班),  ,1.0,002 50090,半年,必修,林信甫,2,"二6,7(綜館B109)",10,"健康體適能 且 專項運動學群,本校修課人數上限：10人",需檢具健保局特約區域醫院以上之醫生證明。,    , ,綜館B109,0,0,0,0,0,0,0,0,0,0,0,0,0,0,0,0,0,0,0,0,0,1,1,0,0,0,0,0,0,0,0,0,0,0,0,0,0,0,0,0,0,0,0,0,0,0,0,0,0,0,0,0,0,0,0,0,0,0,0,0,0,0,0,0,0,0,0,0,0,0,0,0,0,0,0,0,0,0,0,0,0,0,0,0,0,0,0,0,0,0,0,0,0,0,0,0,0,0,0,0,0,0,0,0,0,0,0,0,0,0,0,0,0
97078, ,PE1007,D4, 適應體育(生理班),  ,1.0,002 50080,半年,必修,黃英哲,2,"五6,7(綜館柔道室)",15,"健康體適能 且 專項運動學群,本校修課人數上限：15人",需檢具健保局特約區域醫院以上之醫生證明。,   , ,綜館柔道室,0,0,0,0,0,0,0,0,0,0,0,0,0,0,0,0,0,0,0,0,0,0,0,0,0,0,0,0,0,0,0,0,0,0,0,0,0,0,0,0,0,0,0,0,0,0,0,0,0,0,0,0,0,0,0,0,0,0,0,0,0,0,0,0,0,0,1,1,0,0,0,0,0,0,0,0,0,0,0,0,0,0,0,0,0,0,0,0,0,0,0,0,0,0,0,0,0,0,0,0,0,0,0,0,0,0,0,0,0,0,0,0,0
